sample_id,review_text,annotator_1_label,annotator_2_label,adjudicated_label,notes
SA-001,"Công ty tốt, sếp tốt, môi trường năng động, văn hóa tốt. . Văn phòng đẹp, không khí thoáng và trong lành, không tạo áp lực cho nhân viên. lương cao việc nhẹ.
Cty có chế độ cho người OT và ko OT, không ép buộc. và giá cả cho OT cũng hài lòng dev. . Mỗi quý cty nên cho nhân viên đi chơi ít nhất 1 lần.",,,,
SA-002,"Công ty đáng nên vào . Sếp và nhân viên hòa hợp, công ty tổ chức nhiều hoạt động chuyên sâu và thu hút được nhiều người tham gia tích cực. Môi trường có người nước ngoài và làm việc chuyên nghiệp phát triển được bản thân. . Tăng lương chậm, ................................................
Nhiều lúc OT nhưng không được tính giờ, cả những lúc công việc bận không thể hoàn thành đúng deadline",,,,
SA-003,"Campus rộng rãi, nhiều tiện ích. Văn phòng đẹp . Văn phòng đẹp, rộng rãi. Mặc dù xa trung tâm nhưng có xe đưa rước.
Nhiều khóa học cho nhân viên tham gia.
Nhiều hoạt động văn hóa đoàn thể.
Thích hợp cho các bạn thích ổn định.
Chính sách OT hợp lý. Chi trả lương OT nếu thực sự cần thiết chứ không phải ở lại làm trễ là OT. . Khi có dự án thì OT khá nhiều, và không có lương cho OT
OT không có lương hoặc không trả đấy đủ cho nhân viên",,,,
SA-004,"Môi trường làm việc chuyên nghiệp . -Văn phòng, nơi làm việc đẹp, tiện nghi, sạch sẽ, thoáng mát.
-Thời gian làm việc không quá gò bó. . - Các sếp nên coi trọng ""khổ lao"" của dev, tester
- Chế độ đãi ngộ còn chưa đáp ứng tốt mong muốn của nhân viên.
OT quá không được tính lương OT thỏa đáng, các sếp thì ép nhân viên",,,,
SA-005,"Môi trường trẻ, làm việc vui vẻ. . Môi trường đa số toàn người trẻ chiếm tới 70%, phần đông là fresher/ junior nên khá vui vẻ. Thời gian làm việc linh động.
Trả lương OT đúng theo thời gian OT, OT có hỗ trợ đồ ăn chỗ ngủ tùy đơn vị, được nghỉ bù, nghỉ bù không hết được trả vào lương. . Lương so với thị trường vẫn còn ở mức trung bình, tuy là 1 tập đoàn lớn nhưng chưa có định hướng làm sản phẩm bán giải pháp.",,,,
SA-006,"Văn phòng đẹp, phúc lợi tốt . Văn phòng đẹp, lương thưởng dư án, lương 14 15 nhiều . Hạn chế họp nhiều quá mất thời gian, sếp bảo vệ nhân viên nhiều hơn
OT khó đươc duyệt tiền phụ cấp.",,,,
SA-007,"Good Company . - Môi trường làm việc chuyên nghiệp
- Nhân viên thân thiện
- Chính sách tốt cho nhân viên . - Tăng lương không đáng kể
- Tùy dự án, có thể OT nhiều",,,,
SA-008,"Công ty ổn định, gắn bó được lâu dài . Lương thưởng rõ ràng
Có bảo hiểm, có gói khám sức khỏe
Có chính sách tăng lương, đi company trip hằng năm
Đồng nghiệp thân thiện, hỗ trợ lẫn nhau
Công ty trả lương & OT minh bạch, chính sách rõ ràng . Cảm thấy thoải mái làm việc tại môi trường này chưa có đề nghị gì thêm",,,,
SA-009,"So so company . Big company with a lot of kind of project, and you can choose what you most want
There is not so much OT in this company . . Some team is not strong enough and just doing one work day by day, then their improvement is very slow",,,,
SA-010,"Mô trường làm việc ổn, chịu cầy cuốc thì OK . Lương vừa phải, có nhiều hoạt động ngoài nhóm. Văn phòng làm việc đẹp.
OT thì có thêm kinh nghiệm, được trả lương theo OT không thì tùy dự án, tình hình chung của ngành IT nên không có gì để than phiền. . Nên tập trung đào tạo năng lực nhân viên nhiều hơn, hay tuyển người giỏi bên ngoài vô để làm việc, mình không thích điều này",,,,
SA-011,"Văn hóa khác với nhiều công ty . Có các campus riêng, không như nhiều cty hiện nay chọn giải pháp thuê mặt bằng của các building, Fsoft xây dựng những campus riêng cho mình . Nên tuân thủ luật về Bảo Hiểm, Fsoft HCM nằm trong khu công nghệ cao nên hơi khó kiếm các quán ăn, phụ cấp cho việc ăn chưa thấp.
Chỉ được record sau 6PM, khi OT việc record được tính bằng thời gian quẹt thẻ trên hệ thông, không tính thời gian đi vệ sinh :D",,,,
SA-012,"Môi trường làm việc thoải mái . Môi trường làm việc thoải mái, mọi người thân thiện, cởi mở. . Nên áp dụng nhiều phúc lợi khác ngoài lương.
Working time more flexible.",,,,
SA-013,"OT nhiều, lương cực thấp, bóc lột . Có bãi giữ xe rộng, có mì buổi chiều, có pantry để ăn cơm trưa . OT nhiều, lương thấp, tăng lương cực kì chậm, những người giỏi thường rời cty sớm nên trong team đa phần là amateur, code không có coding convention, góp ý thì bị leam la
Mang tiếng là làm theo Scrum mà không hề có thời gian rõ ràng
Bóc lột nhân viên, không còn thời gian về nhà học tập thêm
OT không lương, gần như một tháng gần 15 ngày phải làm 10h",,,,
SA-014,"Không như mong đợi . Công ty branch name lớn, nhiều courses training về technical skils và sofl skills. Môi trường làm việc tốt, bảo hiểm full lương, benefit OK.
Chưa OT nhưng nghe đồng nghiệp nói chế độ cũng OK, trả tiền và voucher ăn uống. . Một số ít leader không tạo điều kiện để team member phát triển (dìm hàng). Line manager và PM không bám sát member của mình trong project, toàn bộ feedback đều lấy từ ý kiến chủ quan của leader. Bàn làm việc nhỏ, không có vách ngăn.
Một công ty hằng ao ước từ thời sinh viên, nhưng khi vào rồi mới cảm thấy bất mãn vô cùng. Hy vọng đây chỉ là số ít.",,,,
SA-015,"DTL.Z15 phù hợp cho những bạn ko học CNTT, ko improve technical. . Thoải mái, team vui, Thoải mái, team vui, Thoải mái, team vui, Thoải mái, team vui, . Sếp tính tình còn rất châu Á, cần thoát á luận. Dự án toàn kiến thức domain, không cải thiện được technical.
OT nhiều ảnh hưởng không tốt đến sức khoẻ, tinh thần và cuộc sống.",,,,
SA-016,"Môi trường tốt, vui vẻ, tự hoc tự rèn, nên suy nghĩ kĩ. . Cũng cấp máy móc hiện đại, support nhiệt tình. Thời gian thoải mái.
Chi trả đủ, sòng phẳng, ít khi phải OT trừ khi được request trực tiếp từ khách. . Nên suy nghĩ kĩ nếu có tính tự học cao thì nên vào để rèn luyện do có time nhiều chứ công việc không có gì phức tạp cả.",,,,
SA-017,"Tech lead tâm lý, công ty có nhiều tài năng . Lương intern cao so với mặt bằng chung, còn lương chính thức thì chưa biết.
Tech lead tâm lý. Công ty có nhiều tài năng. Giờ giấc thoải mái.
Anh em vui vẻ hòa đồng, nhiệt tình giúp đỡ người mới.
Hầu như hội gì cũng có, kể cả hội game thủ. Thức ăn vặt khá đầy đủ.
Họp review năng lực và góp ý khá thường xuyên.
Không bắt buộc OT, có thể ở lại muộn nếu thích, giờ giấc linh hoạt. . Policy hơi gắt, chặn cả web game vào giờ nghỉ trưa.
Ít giao tiếp tiếng Anh. Văn hóa rựu bia cần được xem lại.
Case máy để dưới đất cắm dây tai nghe không tới khá là khó chịu.
Lúc mình với vào làm máy khá xida, ram có 4 hoặc 8gb (chắc do chế độ intern chỉ đc có thế) chạy IntellJ bao lắc. 1 ngày die 2 lần, 2 tuần thay ram 1 lần.
Chừng nào nghĩ ra thêm sẽ bổ sung.",,,,
SA-018,"Môi trường làm việc tốt . Nhân viên mới được cấp máy tính xịn tùy team (Mac Pro 2019 hay máy Win)
Môi trường mọi người hòa đồng, luôn tạo cho nhân viên cảm giác mình sẽ grow được
Có tổ chức workshop: chuyên môn hay giải trí đều có
Giờ giấc làm việc thoải mái
Tùy team, theo đợt release sẽ có OT, nếu OT short term sẽ không có tiền OT (tầm 1 tuần đổ lại) và có free ăn tối. OT lâu hơn thì mới có tiền . Làm Outsource quan trọng ở ông Master, nếu gặp team master thương team thì đảm bảo sống rất sung sướng, còn master thương client thì sure kèo OT suốt ngày, giao task cuối tuần đầu tuần xong.",,,,
SA-019,"1 cty IT phù hợp với nhiều độ tuổi . - Giờ giấc lv thoải mái, có thể về sớm lúc 4h để đón con
- Môi trường lv nhiều người trẻ, ko bị gò bó
- Được training nhiều, tham gia nhiều cuộc thi nâng cao skill
- Có cơ hội được đi công tác nước ngoài
OT theo luật nên khá ok. Đăng ký OT thoải mái dựa trên plan. . - Cty IT nên hơi ít con gái, cần tuyển thêm các bạn nữ để các ae độc thân có cơ hội thoát ế
- Cần tăng đãi ngộ về thâm niên
- Nơi lv hơi xa trung tâm
- Cty nên cho đi du lịch xa thay vì các địa điểm xung quanh HN",,,,
SA-020,"Nơi học hỏi tốt, nhưng không phải môi trường phát triển lâu dài . - Yêu cầu đầu vào dễ, phù hợp cho những bạn mới ra trường cần tìm nơi học việc
- Chính sách phúc lợi tốt . - Các chính sách phúc lợi, lương bổng dần bị cắt
- Việc thi hành chính sách mập mờ, có khi luật ra văn bản sau nhưng đã áp dụng trước
- Tính thưởng, OT không rõ ràng
- Có hiện tượng sếp cướp công lính",,,,
SA-021,"Sếp tốt quan tâm nhân viên . Văn phòng trên Hòa Lạc đẹp, hơi xa thành phố, không khí thoáng mát.
Dự án gấp rút phải OT nhiều bù lại được trả lương khi OT. . Lương thấp, tăng lương nhỏ giọt, thích hợp với các bạn mới ra trường muốn tăng nhanh skill cứng
Lương OT không đúng với thời gian thực nhân viên bỏ ra,",,,,
SA-022,"Công ty tốt nhất mà mình từng làm cho đến thời điểm hiện tại . Lương thưởng ổn, chính sách OT và chế độ làm việc Hybrid.
Sếp và đồng nghiệp feedback tận tình, luôn tạo điều kiện cho bạn phát triển cả về chuyên môn và softskill
Happy hour mỗi tuần, muốn tăng cân hãy siêng tham gia hoạt động này nè.
Không OT nhiều, nhưng nếu có thì trả lương vào cuối tháng . Vấn đề muôn thuở là thang máy, nhưng cũng không ảnh hưởng lớn đến mình.",,,,
SA-023,"Lương thấp, Sếp tốt . Giờ giấy thoải mái.
Làm việc không gò bó.
Sếp thoải mái. . Lương thấp so với các công ty khác cùng ngành.
Đãi ngộ kém.
Lương rất thấp so với các công ty khác cùng ngành.",,,,
SA-024,"ITMB nơi làm việc tuyệt vời mà tôi đã mất rất nhiều thời gian để tìm được . Văn Hóa Công Ty: Tôi rất hài lòng với văn hóa công ty, nơi mà sự đoàn kết và hỗ trợ lẫn nhau được đặt lên hàng đầu. Công ty khuyến khích sự sáng tạo và đề cao ý kiến đóng góp từ mọi nhân viên.
Cơ Hội Phát Triển: Tôi cảm thấy hạnh phúc với cơ hội phát triển nghề nghiệp mà công ty cung cấp. Có các khóa đào tạo, chương trình mentoring và cơ hội thăng tiến nghề nghiệp rõ ràng, giúp tôi phát triển kỹ năng và tiềm năng của mình.
Môi Trường làm việc thoải mái: một không gian làm việc tích cực và sáng tạo
Chính sách OT tuyệt vời, hỗ trợ tối đa người lao động . Mình bây giờ TOP 3 về lợi nhuận, TOP đầu về CNTT, chuyển đổi số rồi mong các sếp để ý tăng lương, tăng thưởng, tăng chế độ đãi ngộ cho chúng em :P",,,,
SA-025,"Công ty phù hợp cho người mới ra trường . - Sếp tốt
- Đồng nghiệp thân thiện
- Mình làm việc với team ngoài Đà Nẵng thì thấy mọi người khá giỏi và nhiệt tình
- OT được trả lương đầy đủ và đúng hạn
- Thời gian tính OT hợp lý . - Bộ phận IT Support hỗ trợ quá chậm
- Máy công ty khá yếu nên thường xuyên giật lag",,,,
SA-026,"Môi trường tốt cho các bạn mới ra trường . - Nhân viên chính thức được cấp laptop.
- Sếp khá thân thiện.
- Đội ngũ nhân viên đa số là trẻ.
- Có chế độ thực tập và cộng tác viên cho sinh viên.
- Giờ giấc thoải mái, có thể work at home. . - Đóng bảo hiểm theo lương cơ bản.
- Làm nhiều dự án Viettel nên các nhân viên nhanh chán và bỏ công ty.
OT chỉ được cộng thêm ngày phép, 1 ngày OT = 1 ngày phép",,,,
SA-027,"Công ty có chế độ đãi ngộ cực kém . các thành viên trong team vui vẻ, giúp đỡ nhau trong cả công việc lẫn cuộc sống . Các sếp luôn ép tiến độ dự án, lương chậm, thưởng ghi trong thư mời nhận việc rất nhiều nhưng đến lúc nhận chỉ có vài đồng. Có nguy cơ bị trừ lương bất cứ lúc nào. Có 1 số thành phần hay chơi game rồi hú hét vào giờ ngủ trưa.
OT ko được hưởng lương.............................................................................",,,,
SA-028,"Môi trường trẻ trung, Sếp và đồng nghiệp đều hoà đồng, hỗ trợ giúp đỡ nhau. . Môi trường phát triển, up salary thường xuyên 1 năm 2 lần, nhiều chế độ đãi ngộ như du lịch, khám sức khoẻ, teambuilding, chế độ chị em phụ nữ, StockOption...Mọi người đều hoà đồng thân thiện, không phân biệt người mới hay cũ và luôn giúp đỡ lẫn nhau.
Chế độ OT rõ ràng, nhưng môi trường công ty rất ít khi phải OT, và mình chưa từng OT bao giờ nha . Thêm nhiều lớp học đào tạo hơn nữa. Để nhân viên mới hoặc nhân viên cũ đều có thể tham gia học hỏi, phát triển.",,,,
SA-029,"chế độ tốt, cơ hội học hỏi có nhưng ít . Văn phòng đẹp sang xịn mịn, thu nhập ok, chế độ phúc lợi tốt
rất ít và rất hiếm khi OT, OT là tự nguyện hiến máu . Việc ít, quy trình kém, nhiều người chuyên môn chưa cao",,,,
SA-030,"Tốt cho fresher và senior . Môi trường ổn, thời gian làm việc thoải mái, lương khá cao
Môi trường ổn, thời gian làm việc thoải mái, lương khá cao . Lương tăng chậm, nếu làm dự án Nhật thì hơi gò bó",,,,
SA-031,"Được cấp high-end Macbook Pro . Không gian văn phòng đẹp, trang thiết bị đầy đủ phục vụ cho nhu cầu công việc.
Được cấp high-end macbook pro
OT là optional, nếu có OT thì sẽ được phúc lợi xứng đáng . Bãi giữ xe cách xa công ty. Tuy nhiên cũng là cơ hội để vận động sau 1 ngày làm việc",,,,
SA-032,"Sếp ổn, dự án hay . Sếp ổn, dự án hay, nhiều Senior hỗ trợ nhiệt tình, có điều văn phòng hơi chật và nhỏ
OT có trả lương, nghỉ bù, hiếm khi phải làm việc OT . Không có gì cần cải thiện, văn phòng nên mở rộng thêm",,,,
SA-033,"Thoải mái, nhưng không học hỏi được nhiều . - Thời gian linh động: Ngày cứ 8 tiếng là đc, 1 tháng có 5 ngày được làm 6 tiếng & 3 ngày wfh.
- Đồng nghiệp ổn.
- Có nhiều hoạt động bên lề, văn phòng đẹp, khá rộng.
Tùy dự án sẽ có OT. OT được trả theo luật, cần đăng ký trước. . - Tùy dự án mới biết có học hỏi được nhiều không. Có thể dính dự án maintain, hoặc dự án phải đá sang làm trái role/ JD.
- KHÔNG có thưởng lễ, tháng lương thứ 13, chỉ có thưởng hiệu suất.",,,,
SA-034,"Lương hấp dẫn, Công nghệ mới, Sản phẩm chưa thực sự đột phá . Công nghệ mới, sếp công nghệ có lắng nghe ý kiến nhân viên.
Nhiều khi OT không có kế hoạch. OMC sẽ có tình trạng bên sản phẩm có nhiều tiếng nói hơn . Hay phải chạy theo sản phẩm, nhiều task đột ngột xuất hiện không có trong plan, buộc phải OT. Cần có plan theo scrum sprint rõ ràng, hạn chế thêm task phát sinh không kế hoạch.",,,,
SA-035,"no OT, good benefit, flexible time for working . no OT, having good benefit for employees, flexible time
it make me feel comfortable when working in here, . everything is good now but I think company should to allow WFH for fresher some day a month",,,,
SA-036,"Sếp tốt, văn phòng đẹp . Văn phòng đẹp
Nhiều chương trình vui chơi giải trí
Nhiều cái để học
Leader giỏi
Làm ít nghỉ nhiều
Được trả tiền OT đầy đủ nhưng sếp k khuyến khích OT . Họp hành quá nhiều, suốt ngày báo cáo, giải trình
Làm việc với domain automotive nên khá đặc thù, sau này xin việc khá khoai
Lương tăng hàng năm khá chậm nên nhiều người nghỉ
Suốt ngày phải thuyết trình, seminar gây mất nhiều thời gian.",,,,
SA-037,"Không nên Intern, chỉ nên apply fresher . Văn phòng đẹp, nhiều con gái, có trụ sở riêng nên thoải mái hơn trong việc giữ xe cộ. . Phụ trách Intern rất tuỳ người. Đến đó thì đừng bao giờ là Intern, kể cả là fresher, cũng là cần phải cân nhắc, ko ít người rời đó vì lương thưởng ko tốt",,,,
SA-038,"Môi trường thân thiện, có nhiều hoạt động phúc lợi nội bộ . Đồng nghiệp thân thiện, các bạn trẻ năng lượng, nhiệt huyết dồi dào làm cho không khí làm việc luôn vui tươi.
Việc thăng tiến rất rõ ràng, có từng mốc và điểm thành tích túy lũy qua từng năm đủ điều kiện sẽ được thăng chức
Công ty đề cao Work-life Balance, không phải mang việc về nhà làm hoặc không phải OT quá độ
Chính sách OT rõ ràng, ít khi phải OT nhiều nếu có thì sẽ được trả tiền . Công ty sẽ sớm phát triển hơn nữa ở khu vực miền nam",,,,
SA-039,"Review chung . Môi trường trẻ trung, năng động phù hợp với sv mới ra trường
Trả tiền OT rõ ràng, đầy đủ, quy 1 phần ra ngày nghỉ bù . Phúc lợi ngày càng cắt giảm, ko nên vô BU nhật, workload nặng",,,,
SA-040,"Môi trường làm việc đáng mơ ước . - Văn hóa làm việc khá thoải mái đóng góp ý kiến, luôn lắng nghe và mong muốn sự đồng thuận trong team.
- Môi trường làm việc luôn hướng tới con người, worklife-balance, không chấm công/chấm vân tay. Văn phòng luôn gọn gàng sạch sẽ, hoa quả, snack, hoa tươi luôn đầy đủ, bát đũa cốc chén lúc nào cũng thơm tho.
- Từ những ngày đầu vào công ty thì mình nghĩ mình sẽ làm lâu dài vì mình thấy được sự quan tâm từ đồng nghiệp nước ngoài (Thụy Điển), luôn hỏi han và hướng mình phát triển theo điểm mạnh của mình và đồng hành cùng sự phát triển của công ty. Các bạn Thụy Điển nói tiếng anh khá hay, giao tiếp rất cởi mở và vui tính. Công ty có bussiness trip cho nhân viên sang trụ sở chính và còn mở lớp học tiếng anh cho nhân viên nâng cao trình độ.
- Đặc biệt ấn tượng về trang thiết bị được cấp: 2 màn hình dell 32 inch, 1 bộ chuột bàn phím bluetooth, headphone, laptop Lenovo, bàn flex-spot.
- Trong Park thường tổ chức các hoạt động outing ý nghĩa, và có tea-break thứ 6 hàng tuần để kết nối thành viên. Có rất nhiều câu lạc bộ thể thao cho mọi người lựa chọn: Bơi, gym, ...
- Đội ngũ hỗ trợ rất thân thiện và nhiệt tình.
- Trong park có rất nhiều công ty khác nhau nhưng mọi người rất thân thiện, lịch sự, sẵn sàng giúp đỡ.
- Theo mình thấy thì mọi người được tuyển vào hầu như trình độ tiếng anh khá tốt, có năng lực chuyên môn tốt, chuyên nghiệp.
Công việc thường được hoàn thành trong giờ hành chính, rất hiếm khi phải OT. Các sếp bắc Âu không khuyến khích làm ngoài giờ. . Nếu được thì mình mong mỗi phòng làm việc được rộng hơn chút để có thể bày thêm nhiều cây xanh trong phòng :)",,,,
SA-041,"quy trình rườm rà phức tạp, phong cách công ty gia đình là chính . văn phòng đẹp, hiện đại và nhiều tiện nghi.
có các chương trình phúc lợi tương đối tốt so với mặt bằng chung, ví dụ chế độ ngày nghỉ phép trong năm, chế độ bảo hiểm (nhưng phân theo từng cấp bậc nhân viên), mức lương khá cao so với thị trường ngân hàng. . quy trình rườm rà, để xin được một vấn đề tưởng chừng như rất đơn giản (ví dụ mua 1 máy tính xách tay) phải trình qua rất nhiều cấp có thẩm quyền, đến khi mua sắm vẫn bị kế toán hỏi lên hỏi xuống.
Nhiều thủ tục khắt khe không cần thiết khiến cho hiệu quả công việc bị giảm đi.
Một số nhân viên làm DV CSKH bị yêu cầu làm thêm giờ/ làm vào những ngày nghỉ nhưng không được tính OT.
Quy trình xin duyệt OT cũng phức tạp",,,,
SA-042,"Nice place to start job career . Good environment, nice co-woker, use variable technical framework to work. . Have to OT too much, employee have different level. Not have specific plan to work, then always have to OT",,,,
SA-043,"Cty khá ổn với level Senior, phù hợp với sự ổn định . - Văn phòng luôn sạch sẽ , gọn gàng, vị trí tốt, có snack và bánh trái đầy đủ
- Nhân sự có thái độ tốt và chuyên nghiệp so với mặt bằng chung, nhưng đôi lúc có thái độ lồi lõm với các nhân viên nhỏ tuổi hơn (theo 1 số tin không chính thức)
- Nhân viên ở VN vui vẻ, hòa đồng, thân thiện
- Công nghệ khá hot và hấp dẫn làm về data protection
Team Dev có những người rất nhiều kinh nghiệm nên code skill + giải quyết vấn đề được level up. . Nhược điểm:
1) Văn hóa:
- Công ty chưa có văn hóa, cách tổ chức và thực thi vẫn theo kiểu của 1 công ty gia đình, trên nói dưới nghe và thực hiện : sếp lớn là người Mỹ có cả con trai và con gái đều làm ở cty, vợ làm ở 1 cty khác lấy danh nghĩa văn phong đại diện để trốn thuế, lách luật
- Có sự phân biệt đối xử nhân viên ở VN, thương nghe 1 phía ở bên Kiev team, bao gồm các nhân viên ở tầng quản lý cấp middle và high, nhân viên phía VN thường phải luôn làm theo, các cuộc meeting chỉ mang tính chất thủ tục.
- Có nhiều trường hợp nhân viên đã nghỉ vì bị chèn ép: 1 trường hợp ơ team PM vì bị con gái sếp quy trách nhiệm vô lý, 1 trường hợp gần nhất là 1 manager cũng đã xin nghỉ vì phải extend probation thêm 6 tháng vì lý do là các sếp chưa hài lòng, đây là sự phân biệt đối xử như mình nói ở trên
- Team PM đa phần được giao nhiệm vụ copy công nghệ của cty đối thủ và bị push làm theo, không giống như tầm công ty đã quảng cáo
2) Quản lý
- Tầng quản lý có tư duy nghèo nàn, ko có những chính sách để nhân viên và cty phát triển, luôn đặt lợi nhuận lên trên hết nhưng miếng bánh đó chia cho nhân viên rất ít, rất không phù hợp với kiểu cty product và đi đường dài
- 1 số quản lý bên Dev có kinh nghiệm tốt nhưng có thái độ phân biệt với nhân viên bên VN cho tất cả các bộ phận, quản lý bên QA và support + product thì kinh nghiệm + kiến thức không nhiều trong đó có con gái sếp , có thể vấn đề là nằm ở đây
3) Thời gian:
- Thời gian thoái mái nhưng bắt buộc làm 8 tiếng/ngày và 40 tiếng / tuần, có hệ thống kiểm tra thời gian và hoạt động trên máy của mỗi nhân viên , tính theo từng phút, có thể chụp màn hình và kiếm tra bất cứ lúc nào, nếu không đủ thời gian bạn sẽ bị cảnh báo và giải trình, nói chung nếu ai có làm xong công việc thì cũng phải ngồi đủ 8 tiếng nhìn màn hình, ko youtube, không tin tức, ko nên vô những trang web khác ngoài web của cty, nếu ko bạn phải giải thích sau khi bị chụp màn hình
- Có những cuôc hop ngoài giờ hành chính, có khi 10pm hoặc 9pm, hồi xưa chỉ có 1 cuoc hop toàn cty, bấy giờ có các cuoc hop khác của các team, không tính tiền OT hay bù thời gian vì đây là giờ đẹp bên Kiev ---> đây là sự phân biet với người VNese như mình đã đề cập
- Vì có những vấn đề bên Kiev nên toàn bộ team QA đã chuyen qua VN với lượng công việc tay chân rất lớn nên thơi gian làm việc luôn bị push cao, không có thời gian cũng như tinh thân phát triển bản thân, có thể đây là cách để cty có thể bào sức từng lứa nhân viên theo từng năm, sau đó sẽ tuyển lại, đặc biệt team QA do mô hình team còn trẻ và ""chiếu mới!!""
- Không khí làm việc ở cty rất căng thẳng và buồn chán, đa phần chỉ muốn làm đủ 8 tiếng cho đúng thủ tục rồi về, kiếm offer tốt hơn để thoát khỏi cty này (đây là nguồn tin không chính thức từ những người còn làm ở cty)
4) Phúc lợị
- Lương khá ổn so với mặt bằng chung, thưởng cố định 200 – 300 USD fix cứng hằng năm chư không theo tháng lương hay performance
- Không đóng full bảo hiểm nên trả lương 2 đợt hằng tháng
- Có bảo hiểm riêng và khám sức khỏe hằng năm
- Không trả paid leave nếu có dư phép
5) Công nghệ:
- Công nghệ khá ổn so với thị trường VN, có làm trên AWS và các nền tảng ảo hóa, các hợp để bảo vệ dự liệu
- Quy trình CI/CD còn khá thủ công, chưa áp dụng được các new tech như GIT, GIT LAB..docker, Kubenetes để deploy.., mô hinh waterfall, khá cũ kĩ
* Đây là những thông tin và đánh giá từ mình và từ các nhóm không chính thức ở cty, mình đã từng làm ở đây trong 1 khoảng thời gian và chịu ko nổi với môi trường và văn hóa cũng như benefit nên cũng đã nghỉ. Mọi người trước khi vô nên hỏi kĩ và cân nhắc những vấn đề minh đã nêu để đỡ mất thời gian 2 bên, mình nghĩ sẽ phù hợp với senior level và sinh viên mới ra trường, nếu muốn phát triển hơn thì cty này hoàn toàn ko phù hợp
căng thẳng và áp lực khi phải report, từ thứ 2 đến thứ 6 đã bị push rất nhiều rồi",,,,
SA-044,"Bình thường không có gì . Môi trường tốt rộng rãi thoáng mát, văn phòng đẹp chuyên nghiệp . Khâu tuyển dụng không , báo 1 tuần có kết quả mà đợi hoài ko thấy đâu",,,,
SA-045,"Môi trường rất tốt . Chế độ làm việc hợp lí, lương thưởng, review lương 6 tháng lần
OT hợp lí có lương đàng hoàng, rõ ràng cho ae yên tâm . Hiện tại thì thấy công ty rất oke rồi ko cần thay đổi gì",,,,
SA-046,"Môi trường . Học hỏi được nhiều nhưng mỗi tội công ty chuyên nghiệp, ai cũng vui tính nhưng nghiêm khắc
Môi trường làm việc chất lượng, vui vẻ, thoải mái, tự do . Đề nghị công ty tuyển nhiều nhân viên nữ, các bạn nam đi làm ăn mặc chỉn chu đẹp zai hơn nhé",,,,
SA-047,"Môi trường làm việc Open . + Văn phòng deco đẹp
+ Có máy Cafe xay hạt
+ Hoa quả hàng ngày
+ Hỗ trợ chí phí cho nhân viên tham gia thể thao: bơi, gym...
+ Thời gian làm việc flexible. ko OT, ko đi làm t7
Không phải OT, không phải đi làm thứ 7, thời gian làm việc flexible . Chỉ có lương net hàng tháng + tháng 13 và 1 khoản thưởng nhỏ những dịp đặt biệt: Sinh nhật, 1/5...",,,,
SA-048,"Good company and friendly colleagues. . The first impression is the way the company welcomes new employees with a fairly complete welcome kit and a lunch with other team members. At work, it depends on the team, but the current team is quite nice, not toxic, and importantly, the project is quite suitable for my orientation.
WFH policy as well as company policy also aim to work hard play hard. Log work is not too strict but most people are self-disciplined and comply well.
A reasonable OT policy, Although OT is rarely required, additional pay is provided whenever OT is necessary . Improving inter-team cohesion is necessary, as currently, members only really know the team involved in their specific project.",,,,
SA-049,"Môi trường tốt, mức lương ổn . Mức lương cũng ổn so với mặt bằng chung thị trường
Văn phòng rộng rãi, view đẹp
Có nhiều hoạt động ăn uống trong công ty
Công ty có tên tuổi ở Nhật
Công việc ổn định, khá nhàn
Work-life balance
Ít khi phải OT, có chính sách OT rõ ràng, minh bạch . Không có chính sách Hyrbrid hay Remote
Công ty khá rườm rà về quy trình thủ tục, cũng như giờ giấc nghiêm ngặt
Thiếu sự challenge trong công việc
Môi trường làm việc khá nghiêm túc, nên hơi chán
Dự án chưa có gì đặc sắc, công nghệ hơi đặc thù",,,,
SA-050,"Môi trường làm việc và phát triển bản thân tốt . Học hỏi được nhiều công nghệ mới, cùng nhiều dự án hay để học tập
Chế độ OT lương thưởng rõ ràng và hấp dẫn, hỗ trợ nhân viên nhiều thứ . Phải đi làm sáng thứ 7, hi vọng công ty có thể hỗ trợ WFH",,,,
SA-051,"Môi trường ổn để thử sức min từ 3 năm trở lên . - Văn phòng xịn, không phải tốt nhất nhưng cảm thấy Sếp có tâm trong việc design office
- Mọi người vui vẻ hoà đồng
- Đợt này có thêm nhiều hoạt động để gắn kết
mọi người
Team mình cực ít OT và thấy các team khác cũng vậy . - Paperwork nên nhanh hơn, đợi chờ khá lâu, mặc dù biết các bạn Admin khá nhiều task nhưng nên cải thiện",,,,
SA-052,"Công ty outsource lớn nhất về mọi mặt tại VN . Tuỳ theo dự án, bạn có thể phát triển rất tốt hoặc chán đến mức không muốn làm nữa . Môi trường quá chính trị, không phân minh thưởng phạt
Chính sách OT không rõ ràng. Tuy công ty có quy định nhưng thực hiện lại tuỳ thuộc vào PM.",,,,
SA-053,"Môi trường product - open minded - flexible . - Công ty lo ăn uống nên không phải suy nghĩ nhiều về việc phải ăn gì
- Mùa dịch có nhiều hoạt đông + workshop để cheer up nhân viên, hỗ trợ tiền mobile data
- Phần tech training và followup hỗ trợ nhau nhiều, có thêm gói O'reilly free
- Nghe đồn sắp chia ESOP
không OT, nếu có incident hoặc urgent thì sẽ ngủ bù ngày hôm sau . - Văn phòng đông người rồi, đề nghi chuyển ra gần trung tâm hơn, vị trí làm mình khó lôi kéo bạn bè.
- Công ty không cấp laptop, có hỗ trợ 50% tiền mua máy
- Thấy mấy bạn HR làm việc nhiều, cực quá",,,,
SA-054,"Nơi mà mọi ý kiến đóng góp đều được lắng nghe . Chương trình Town Hall Meeting, HR By Your Side được tổ chức hàng quý nhằm lắng nghe tâm tư, nguyện vọng của nhân viên, mình cảm thấy ý kiến và người nhân viên được tôn trọng
Chế độ phúc lợi nổi bật như: lương tháng 13, thưởng thêm 2 lần/năm, tham gia bải hiểm full lương, free cơm trưa, tiền gửi xe máy để đón xe đưa rước công ty đi làm, các chương trình quyên góp, hỗ trợ nhân viên có hoàn cảnh khó khăn hoặc bệnh tật rất nhân văn
Có trả lương extra OT theo quy định của luật lao động . Áp dụng hybrid đi quý công ty ơiiiiiiiiiiiiiiii!!!",,,,
SA-055,"sếp tốt quan tâm nhân viên . công ty thiết bị vật chất hiện đại hàng đầu việt nam
có assign bonus, đánh giá performance công tâm. Sếp tâm lý . dự án ot hơi nhiều , pm cần xem lại estimate tast cho fresher",,,,
SA-056,"Chế độ tốt, anh em đồng nghiệp giỏi . - Đầu vào khó nên mặt bằng chung anh em giỏi chuyên môn, học được nhiều thứ
- Chế độ tốt: có grab to work, ăn trưa, có team lunch hàng tháng anh em đi ăn bonding, happy hour hàng tuần
- Anh em đi nhậu đều đều =))
- Dùng laptop máy ngon
Chưa OT bao giờ nên cũng không rõ vấn đề này lắm . - Hồi pv thấy quy trình tuyển dụng chưa chuyên nghiệp lắm. Nên cho ứng viên biết quy trình gồm bao nhiêu vòng để chuẩn bị pv tốt hơn
- Toà office hơi nhỏ, toilet thiếu chỗ lúc gian nguy",,,,
SA-057,"Công ty có độ ổn định nhất nhì trong thời kỳ khủng hoảng kinh tế. . Cho đến hiện tại công ty chưa hề sa thải vì lý do khủng hoảng kinh tế. Được đi du lịch sang các nước như Hàn, Trung, ...
Công ty có chính sách OT hẳn hoi. Trả tiền theo quy định nhà nước . Tạm thời chưa có vấn đề gì quá cần thiết để cải thiện.",,,,
SA-058,"Khá ổn, nếu bạn ko quan tâm phúc lợi công đoàn giữ Ho miền bắc và HO miền nam . Đồng nghiệp thân thiện, địa điểm văn phòng tại trung tâm thành phố, di chuyển thuận tiện
Ot ổn, nếu biết cách trao đổi với quản lí sẽ dc tính từ sau 5h30 . Quản lí cần quan sát và nắm rỏ tình hình của team mình nhiều hơn, tránh nghe 1 phía",,,,
SA-059,"Công ty outsource . khuôn viên đẹp. nhiều cây xanh, có bus đưa đón nhân viên
Công ty OT nhiều, nhiều dự án làm ko kịp thì cũng tự nguyện OT, tuy nhiên OT có lương. có nền tảng học udemy free. . Có lẽ là căn tin của công ty nên có nhiều đồ ăn đa dạng hơn",,,,
SA-060,"Nhân viên cũ . Công ty được cái là danh tiếng tốt
Chứ môi trường làm việc cần nổ lực nhiều lắm. Chúc các bạn chuẩn bị thật nhiều kinh nghiệm cho bản thân
công ty lớn, lương cũng ổ, tương đối về mọi mặt nè . Tạo thêm sân chơi giải trí cho các nhân viên
Bày việc, quan tâm nhiều hơn",,,,
SA-061,"Work-life balance, đáng để cống hiến . Công việc đôi khi có hơi áp lực nhưng áp lực ở đây do dự án mới còn bỡ ngỡ thôi, giúp mình tích lũy và trau dồi kỹ năng
Cơm trưa miễn phí
Có siêu thị mini, có quán cà phê nên khá tiện lợi
Bãi giữ xe siêu to nên không lo không có chỗ để xe nếu đi trễ
Tính ra 1 năm sương sương 15 tháng lương
Chính sách trả tiền OT rất là cạnh tranh so với thị trường hiện tại . Nếu có thể áp dụng hình thức hybrid thì sẽ rất ok luôn",,,,
SA-062,"Sếp tốt, được support nhiệt tình . Cơ sở vật chất khá tốt, nhân viên hòa đồng. HR quan tâm đến nhân viên.
Lương thưởng OT rõ ràng. Có quy chế, quy trình tường minh . Sếp nên giao tiếp nhiều hơn với nhân viên. Những dự án có 1 người tham gia join với khách hàng có vẻ ít được quan tâm và đánh giá nhiều",,,,
SA-063,"Sếp cho ăn bánh vẽ . Chẳng có điều gì khiến mình hài lòng tại cty này. . Làm ăn đàng hoàng hơn. Đừng hứa xuông nữa.
OT không được trả tiền. Trốn tránh trả tiền OT",,,,
SA-064,"Môi trường làm việc thân thiện, thoải mái . Môi trường làm việc thân thiện. Không áp lực trong công việc. . Chế độ đã ngộ và các chế độ khác hầu như không có.
không được trả xứng đáng, nếu có OT bao lâu đi nữa bạn cũng sẽ chẳn có quyền lợi gì",,,,
SA-065,"Môi trường làm việc chuyên nghiệp . bãi đậu xe rộng rãi
văn phòng rộng thoáng mát
đào tạo bài bản tốt cho người mới tốt nghiệp . bên tuyển nhân sự khá là căng thẳng
không khí phỏng vấn hơi nặng nề",,,,
SA-066,"Đồ ăn ngon ! Sếp tốt . Đồ ăn ngon ! Sếp tốt, môi trường tốt. Tiềm năng công ty vững chắc . lương so với mặt bằng chung hơi thấp , OT có lẽ đã trở thành văn hóa và là điều đương nhiên",,,,
SA-067,"Mới vào 2 tháng, Mọi thứ vẫn đang thấy ổn . - GIờ giấc thoải mái
- Công việc không quá áp lực.
- BA, QA làm việc khá tốt ( dự án mình đang work hiện tại)
- Project đa số to học hỏi dc nhiều thứ
- Hỗ trợ khoá học Azure, Udemy,.. miễn phí.
- Hổ trợ chi phí thi bằng trên cái trang Azure,..
Chưa bao giờ OT, nên cũng ko biết viết cái gì. Ở đây đa số mọi người tự quản lý task mình . - Project code quantity không được tốt lắm (đối với dự án hiện tại FE mình đang làm) , Code quality không quan tâm quá nhiều sô với deadline.
- Không hổ trợ việc di chuyển máy móc từ building này sang building khác
- Chổ ngồi cho nhân viên mới cần không được chuẩn bị kỹ càng.
- Văn phòng E2 khá bẩn cần phải vệ sinh hàng tuần",,,,
SA-068,"Tạm được cho sinh viên mới ra trường, còn lại thì không . Gặp được những người bạn trẻ, vui vẻ, nhiệt huyết, tạo thành một team đoàn kết. . OT quá nhiều, bị ép giờ quá đáng, lương tăng không nhiều.",,,,
SA-069,"Office vevy dirty . Friendly teammate, lot to learn
Stress skill improved
Teck skill improved if you try hard
Not bad, but if paid for OT time or change to days off would be better . Manager need to improving
Have something for benefit to keep dev stay
Environment need to set-up better
Have full packet insurance",,,,
SA-070,"Người cũ đã nghỉ 1năm . Có một số leader rất tốt, trả lương sớm, còn lại mấy anh chị làm lâu tự nâng bi nhau không . Nhiếu vấn đề vậy sao cải thiện hết nổi, kêu mấy PM vs BA bớt xàm lại vì năng lực không có mà nói nhiều vc
Trong 3 công ty từng làm đây là công ty tệ nhất, đã tầng overnight vào thứ 7 và chỉ được tính OT 8 tiếng, gánh ông PM phế vật mệt lắm",,,,
SA-071,"Great place to work . FPT Software has a dynamic and supportive environment that encourages personal and professional growth. The leadership team is approachable, and the company invests in training and development programs. The collaborative atmosphere and opportunities to work on diverse projects make it a rewarding experience.
The company offers fair compensation and flexibility for overtime work, ensuring that employees feel valued for their efforts. . Introducing more flexible work policies could further support work-life balance.",,,,
SA-072,"Bình thường . Không thích gì cả, môi trường bình thường, lương bình thường, quan hệ bình thường, phúc lợi bình thường . Không cần cải thiện gì hết, cái gì cũng tùy theo ông chủ. Chủ muốn sao thì làm vậy",,,,
SA-073,"Không có cơ hội phát triển sự nghiệp . Lương cao, snack, giờ giấc thoải mái, có grab đi làm (3 triệu 1 tháng).
Dự án đa số là mới nên có cơ hội áp dụng công nghệ theo ý mình. . Phỏng vấn khó nhằn.
Công ty đang trong giai đoạn khó khăn về tài chính nên các benefit có bị cắt giảm.
Làm một thời gian thì không có cơ hội phát triển vì công ty không có lộ trình thăng tiến cụ thể cho nhân viên.
Văn hoá công ty chưa được chú trọng
Công ty được quản lý giống như công ty gia đình với CEO - Founder và vợ nắm quyền
Đa số mọi người trong công ty mà mình tiếp xúc đều không hạnh phúc với công việc.
Công ty không có chế độ OT cụ thể. Chừng nào team lead quan tâm và đề bạt thì mới có OT paid",,,,
SA-074,"Cũng là môi trường khá . Học được rộng nhiều kỹ thuật giúp ích sau này. Nâng cao ngoại ngữ
Quy trình phỏng vấn nhanh, đơn giản. HR giải thichs cặn kẽ và thân thiện . Lương cần rõ ràng hơn. Dùng internet thoải mái hơn",,,,
SA-075,"Môi trường tốt, đồng nghiệp tận tình, dự án hay . Môi trường xịn: Công ty nằm ở tầng cao của tòa tọa lạc tại trung tâm thành phố, view cực đẹp, đi lại dễ dàng
Đồng nghiệp thì luôn support nhau, cùng nhau chia sẻ kinh nghiệm, knowledge
Dự án đặc thù, nhiều domain hay
Mức lương khá ổn so với thị trường, công ty có nhiều event hay có nhiều niềm vui . Sẽ tốt hơn khi công ty cung cấp dịch vụ ăn trưa và có chỗ để xe gần hơn",,,,
SA-076,"Công ty dành cho người già thích an nhàn . PC cấu hình tương đối mạnh, không gian làm việc rộng rãi, chế độ bảo hiểm rất tốt, thuế + BHXH đóng full, công việc tương đối nhàn. . Chỉ cần cải thiện tư duy của cấp lãnh đạo thôi :v Đây là nguyên nhân cốt lõi dẫn đến sự xuống cấp không phanh của cty trong 2 3 năm gần đây =)))) Giải quyết dc nó thì mấy vấn đề khác tự khắc giải quyết dc
Chính sách không rõ ràng, có cũng như không, thủ tục xin OT phiền phức, đa phần là bị cấp trên ém :)))))",,,,
SA-077,"I love working here . Friendly working environment
Hybrid working mode
Competitive salary package
Nice snack every week
Many team building activities
International working enviroment
It's paid quite good compare to the market to compensate for the effort. . I'm very happy to work at GFT, so I see nothing to improve.",,,,
SA-078,"Môi trường tốt, dự án thú vị . dự án thú vị, đồng nghiệp và sếp cực kì thân thiện
khá ít OT, nhưng nếu có thì lương thưởng khá rõ ràng . nên có nhiều phúc lợi hơn như là khám sức khoẻ định kì cho nhân viên, tài trợ các khoá đào tạo",,,,
SA-079,"Môi trường hiện đại, nhân viên năng động, skill set tốt . Môi trường phù hợp cho những bạn làm engineer vì 99% nhân viên coding khá tốt từ những bạn mới ra trường đến project director.
Môi trường tập trung best practices của phát triển phần mềm như pair programming, CI/CD, automation testing.
Công ty không khuyến khích OT và khuyến khích nhân viên làm việc 40 giờ/ 1 tuần . - Môi trường làm việc đôi khi khá ồn
- Sếp ít quan tâm nhân viên",,,,
SA-080,"Sếp tốt, đồng nghiệp vui tính . Nhiểu người trẻ, nhiệt huyết. Hợp với các bạn mới ra trường thích cày.
Khá ít OT, chủ yếu bạn hoàn thành việc là được. ...... . Hồi trước cty tổ chức ăn nhậu để gắn kết nhân viên dữ lắm. Nên ai không biết nhậu thì hơi buồn chút",,,,
SA-081,"Công ty tương đối OT nhiều, lương thấp so với mặt bằng chung của ngành IT . Đồng nghiệp thân thiện, các đồng nghiệp giúp đỡ nhau khi làm việc. . OT nhiều, lương thấp so với mặt bằng chung của ngành IT. Nhiều quy trình không cần thiết, developers phải làm quá nhiều việc.
Đánh giá chung: thích hợp với các sinh viên mới ra trường, có thể vào học tập, còn nếu dev có tuổi đời cao không thích hợp (lý do sức khỏe, lương...)
OT sẽ tùy dự án, tuy nhiên, nếu khách hàng Nhật thường OT nhiều ( có thể OT đến sau 23h)",,,,
SA-082,"Nhân viên vui vẻ, bộ máy lãnh đạo chưa hiệu quả . Biệt thự đẹp
Được cấp Macbook làm việc
Nhân viên vui vẻ, nhiệt tình . Các hoạt động công ty ko có đầu tư từ HR mà là lấy nhân viên ra làm, nhiều khi dự án bận nhưng vẫn làm công việc tổ chức họat động vui chơi
Nhiều seminar, tuy nhiên không ứng dụng vào dự án mà hầu như chỉ như cưỡi ngựa xem hoa
OT tính tiền quá thấp, ko đúng chế độ bt 150% sau giờ làm",,,,
SA-083,"Không thoải mái để mọi người cùng góp ý xây dựng mà mang văn hóa vạch lỗi . Không có gì, một vài đồng nghiệp hiểu nhưng ko thay đổi được văn hóa trước giờ.
Môi trường thảo luận không mang tính xây dựng mà chủ yếu là đổ lỗi và chỉ trích lẫn nhau . Nên thẳng thắn và hỗ trợ xây dựng lẫn nhau. Hạn chế họp để thời gian làm việc. Nên xây dựng rõ yêu cầu cho kỹ sư thực thi.",,,,
SA-084,"môi trường tương đối, lương thưởng & phúc lợi thấp . - chính sách đào tạo tương đối tốt, thích hợp cho các bạn fresher mới ra trường vào để học hỏi vào trau dồi kĩ năng
- văn phòng & chỗ giữ xe rộng rãi, mình làm ở vp khu cnc q9 nên không bị kẹt xe
- có nhiều hoạt động cho nhân viên, công đoàn công ty thì cũng hoạt động tương đối sôi nổi . - lương thưởng nhìn chung tương đối thấp so với mặt bằng chung, không biết giờ đã cãi thiện hơn trước kia chưa, chính sách tăng lương thì tùy team, tùy case, tùy nhân phẩm :D
- phúc lợi thấp hơn so với mặt bằng chung (thấp nhất trong các cty mình đã từng làm)
tùy team, cách tính ot thì tùy sếp và budget của project, nhìn chung là hiến máu là nhiều",,,,
SA-085,"Cty này sa thải nhân viên dữ lắm . Đồng nghiệp hoà đồng, vui vẻ và nhiệt tình. Môi trường làm việc giống ngôi nhà thứ 2
OT cty này thì ổn không phàn nàn bất cứ diều gì. Nếu OT thì vẫn đc tính lương đầy đủ . Cty này sa thải nhân viên dữ lắm. Chỉ được cái hình thức và chém gió mà thôi",,,,
SA-086,"Sếp tốt, đồng nghiệp vui vẻ, thân thiện . Giờ giấc linh hoạt
Đồng nghiệp thân thiện
Lương tăng đều và thưởng tốt hàng năm
Được đi du lịch nước ngoài, có nhiều hoạt động team buiding vui
Hầu như không có OT, có trợ cấp ăn tối nếu có OT, chỉ cần đi làm đúng giờ là ổn, mình rất thích điểm này . Không có tháng lương 13, máy lạnh có nơi hơi lạnh
Quy trình làm việc đang dần xây dựng, cần có nhiều tài liệu cho nhân viên mới hơn",,,,
SA-087,"Môi trường làm việc tốt . Thời Gian làm việc Linh Hoạt
Phúc lợi tốt
Văn phòng nằm trong etown, bãi giữ xe rộng rãi xung quanh nhiều quán ăn
Đồng nghiệp, văn hóa công ty thân thiện gần gũi
Được thêm ngày nghỉ bù và lương gấp đôi so với ngày làm việc bình thường . 1) CÔNG TY OT NHIỀU, OT KHÔNG LƯƠNG (OT có tiền phải đợi các khách hàng bên Ấn duyệt).
2) Khách hàng bên ẤN (không phải Đức như quảng cáo) vừa là khách hàng vừa là chủ công ty bên VN => không bao giờ duyệt OT
3) Mấy bạn Ấn thiếu trình độ + phân biệt chủng tộc, thường coi trọng người châu Âu.
4) Sếp kém, không biết việc, không rõ quy trình, quản lý kiểu ngày công, chỉ cần biết Tiếng Anh với V model là làm được - hay chui vô góc bấm điện thoại (đổi 3 dev đều thấy như vậy).
5) bắt đi onside ẤN để bắt kí cam kết 2 năm
6) lương cực thấp
7) nhiều lắm
OT KHÔNG LƯƠNG và thường xuyên, có lần mình OT 80 tiếng 1 tuần nhưng mấy bạn Ấn không duyệt sếp cũng không đấu tranh cho nhân viên.",,,,
SA-088,"Lương thấp so với mặt bằng chung, không có nhiều người giỏi. . Đầu vào tuyển dễ hơn các công cty khác nên là cơ hội cho các bạn mới ra trường
Một số dự án không trả lương khi OT, không phù hợp người có gia đình. . Nên siết chặt đầu vào để tăng chất lượng cho đầu ra của dự án.",,,,
SA-089,"Không gian làm việc thoải mái, hiện đại . Môi trường làm việc nhiều người trẻ, thoải mái năng động, team thân thiện
Được giải nghiệm với nhiều đối tác, khách hàng lớn nhỏ
Được on job nhiều . Mức lương và thưởng cần tốt hơn nữa. Pc kém, ko xứng với công ty lớn như này",,,,
SA-090,"Công việc và môi trường . Nhân viên trong bộ phận tận tâm với công việc, cho dù ở trong tình huống nào. . Trong bộ phận sản xuất (Production) có định nghĩa khá rõ về tiêu chí và chức vụ.
Nhưng trưởng bộ phận không có quyền lực thực sự để điều hành được, cũng như hỗ trợ các nhân viên bên dưới.
Cơ cấu quyền lực trong nội bộ không rõ ràng, tiêu chí đánh giá năng lực và điều hành không minh bạch
Từ cấp quản lý, OT không được tính tiền, mặc dù có tính phí từ khách hàng.",,,,
SA-091,"Big clients. Supportive co-workers. Onsite opportunities. . The company has a great number of big projects with big clients. Colleagues are really friendly & supportive. Onsite opportunities.
Accurate ot evaluation & well paid compensation based on laws . Clearer career path guidance and better staff performance evaluation.",,,,
SA-092,"Quy trình công ty lằng nhằng, nhiều cấp bậc . Bãi đậu xe rộng rãi, cũng có tương đối nhiều phúc lợi . Các khâu xử lý cần được cải thiện, estimation còn phải để OT nhiều. Công ty nhiều cấp bậc nên nhân viên thường không có tiếng nói, quy trình thăng tiến cũng không rõ ràng.
Công việc nhiều, thường phải OT không được tính giờ",,,,
SA-093,"Công ty chuyên nghiệp nhất mình từng đc làm việc . Cty chuyên nghiệp trong cách làm việc và tổ chức. Văn hóa tôn trọng con người. Đồng nghiệp vui vẻ và giúp đỡ lẫn nhau
Công ty k yêu cầu OT. Cv nhiều thử thách và học hỏi được nhiều . Do công việc tập trung cao nên cần giảm switch context để làm việc hiệu quả",,,,
SA-094,"Chưa tốt lắm . FPT HCMC khá ổn, có mấy chị Admin khó tính, rõ ràng là không biết nhóm nào ( chung phòng ) làm ồn, mà cứ đè đại 1 nhóm ra nói, rồi ghim,
Có time cho nói chuyện để cải thiện English ( Newbie cần dùng máy tính, đt ) để xem, or dịch. thì gắt gỏng đại loại là không cho dùng
... chỗ ngồi thì k thoải mái lắm cho team, nhiều khi ngồi 5 6 cho 1 bàn ( 1 bàn 4 người là đẹp ) . Không có tech cụ thể cho intern, intern cũng làm full time thì nên điều chỉnh ct đào tạo gần giống fresher, cũng có Demo hay project, chỉ kêu coi clip lí thuyết xuông và đại trà ( 3 4 5 6 mục liên quan) - không tập trung 1 mảng, nay review xong phần này ( review lại lí thuyết xuông . lợi hại ... abc ưu nhược ... ). thì cho qua phần khác, 1 2 hôm sau nữa là quên sạch
Chưa có cọ xát thực tế
Không rõ ràng lương thưởng
Intern cũng phải làm full time
Khá mệt mỏi vì toàn cho xem lí thuyết ,chưa áp dụng được nhiều",,,,
SA-095,"Phù hợp cho sinh viên vừa ra trường . Có trang bị laptop cho nhân viên, có thể work from home.
không phải OT, có thời gian rảnh rỗi để nghiên cứu học thêm cái mới . chất lượng nhân viên không tốt, có vẻ như thời điểm hiện tại KMS tuyển quá ồ ạt mà không quá quan tâm tới chất lượng.",,,,
SA-096,"Lương tạm ổn. Môi trường nhà nước . Chế độ lương thưởng ổn, thời gian làm việc flexible
Thỉnh thoảng phải OT chạy tiến độ. Bình thường thì cứ đúng giờ thì về . Môi trường nhà nước. Làm multitask nhiều. Văn phòng kín hơi khó thở",,,,
SA-097,"Lương thưởng không tương xứng . công ty ở lầu 3 khu Etown nên đi lại rất thuận tiện
nhân sự nhiệt tình , đồng nghiệp dễ thương
đóng bảo hiểm full lương
có thẻ sức khỏe cho nhân viên và người thân . - nên hạn chế đưa người đi onsite
- bàn làm việc chật chội , không thoải mái
- văn phòng không có chỗ cho nhân viên nghỉ trưa
- tăng thêm lương thưởng tương xứng
OT không trả lương và OT quá nhiều, áp lực cao nhưng lương ko tương xứng",,,,
SA-098,"Môi trường làm việc tốt cho các bạn mới ra trường . Các lab khác mình không biết nhưng riêng đối với lab MPL, chị manager và các bạn BPM rất thân thiện, mọi người đều hỗ trợ nhiệt tình lẫn nhau trong công việc, không gây stress, nói chung là môi trường làm việc khá ổn, mình khuyên các bạn nên vào team này.
Không khuyến khích OT, tự giác OT nếu chưa làm xong task. . Công ty cần thay đổi về chính sách review lương, với range review lương rất thấp như hiện tại sẽ không giữ chân được các bạn staff trẻ và tiềm năng.",,,,
SA-099,"Sang năm cấp toàn bộ macbook pro nữa là đỉnh cao . Văn phòng to rộng, thoải mái, nước nôi đầy đủ, chả có gì mà chê
Vì có phải OT bao giờ đâu mà chả hài lòng thì sao =)) . Có thêm nhiều các em gái nữa để hỗ trợ anh em dev thì tốt hehe",,,,
SA-100,"Happy to work here! . - project and feeling of do things that matter
- daily collaboration with swiss engineers and product managers
- strong team that willing to help you and you can learn from
- salary is great and you dont have to do OT
- open culture . - Office is a bit crowded as the company grow
- More soft-skill training would be nice",,,,
SA-101,"Một nơi tốt để học hỏi, trải nghiệm và ổn định . Văn phòng đẹp, thoải mái, có nhiều tiện ích. Đồng nghiệp nhìn chung thân thiện và tốt. Nhiều cơ hội học hỏi . Chính trị và hàn lâm trong nhiều hoàn cảnh. Chỉ đạo từ cấp trên nhiều lúc hoặc thường xuyên không rõ ràng, đem con bỏ chợ. Lương thấp đến rất thấp và rất khó tăng lương. Phụ thuộc nhiều vào may mắn, nếu vào công ty lúc không có dự án hoặc chưa có cơ hội thể hiện thì khả năng cao là không thể hiện được năng lực. Các bộ phận khác thì hành là chính, thủ tục giấy tờ nhiều nhưng không mang lại ý nghĩa thiết thực. Các chính sách có phần độc tài. Nếu chấp nhận việc ai làm gì kệ ai thì vẫn sống tốt sống khỏe.
Quy chế không rõ ràng mặc dù có quy định, tùy dự án và BU lead",,,,
SA-102,"Sếp lắng nghe nhân viên, không bảo thủ . Nhiều dự án sử dụng công nghệ mới tân tiến. Sếp lắng nghe ý kiến nhân viên, môi trường khá dân chủ. Đồng nghiệp hỗ trợ nhau . Nhiều phòng ban, nhân sự quá nhiều lúc quy trình sẽ rắc rối",,,,
SA-103,"Đánh giá đúng về công ty, văn phòng . Văn phòng rộng rãi, sạch sẽ
Con người thân thiện,
Task trong công ty dễ, rảnh rỗi cũng nhiều (nên lương cũng ko cao, thuộc dạng mặt bằng chung) Toàn ngồi tự học tự tìm hiểu
Vì là xa trung tâm nên đồ ăn cũng rẻ, freetime ok.
Nói chung xa trung tâm nên cũng thoáng mát, dễ chịu
Tạm ổn, cũng như các công ty khác, ko có gì hơn, cũng ko kém . Một vài đánh giá tốt là do HR nhờ nhân viên đánh giá.
Sếp hơi khó tính, trả lương so với mặt bằng cũng bình thường
Các công ty kiểu như này khó có thể bứt phá về sự nghiệp, cứ kiểu thiếu thiếu 1 điều gì đó.
Công ty ko có nhiều người giỏi thực sự, để học hỏi.
Các chính sách công ty ko có gì nổi trội so với công ty khác. (Nói chung là về VN thì công ty nào cũng như công nào)",,,,
SA-104,"Không chuyên về IT, không quan tâm career path của nhân viên . - Tòa nhà riêng biệt, văn phòng hiện đại
- Đồng nghiệp hòa đồng, teamleader gần gũi với anh em
- Lương phúc lợi ổn so với mặt bằng chung. Có tháng 13, bonus, OT meal (30k), du lịch, premium healthcare,.... . - Đào tạo: Không có bất kì chương trình đào tạo nào phù hợp cho nhân viên. Chỉ tập trung vào đội ngũ quản lý. Bộ máy cồng kềnh, nhiều tầng lớp.
- Giờ làm việc (phần này thì tùy cá nhân - riêng a/e làm DEV lâu sẽ hiểu): cứng nhắc (Sáng đúng 8h giờ, trễ 5p phạt tiền, nhiều lần thì khiển trách), không linh hoạt. Quản lý theo phong cách công nhân nhà xưởng, bóp sáng tạo. (Do công ty xây dựng -> cách vận hành .....)
- Không khuyến khích cho a/e mới ra trường, cần học hỏi kinh nghiệm. Phù hợp cho kiểu Premier League -> về MLS.
Gần như không ghi nhận OT. Chưa có chính sách OT minh bạch",,,,
SA-105,"Môi trường làm việc Bắc Âu cân bằng ,thân thiện, chế độ phúc lợi cao cấp . - Văn Phòng hạng A view thẳng ra Hồ Đống Đa, được trang bị nội thất và trang thiết bị hiện đại.
- Môi trường làm việc Bắc Âu chuyên nghiệp, thoải mái, chú trọng worklife-balance. Đồng nghiệp giỏi và giàu kinh nghiệm, hỗ trợ và giúp đỡ nhau nhiệt tình.
- Giờ giấc làm việc linh hoạt để mọi người chủ động giờ giấc trong công việc.
- Văn phòng luôn có sẵn snack và hoa quả, có sẵn máy pha cà phê,...
- Phúc lợi công ty quá tốt, vừa onboard là được bóc seal iPhone đời mới kèm trang thiết bị làm việc hiện đại, công ty rất quan tâm đến đời sống của nhân viên. Làm việc ở công ty có cơ hội sang tham quan làm việc tại trụ sở ở các nước Bắc Âu. Có nhiều Club bơi, bóng đá cho anh em, tea break vào chiều t6 hàng tuần.
- Công ty không có OT, khá cân bằng giữa công việc và đời sống.
Overtime không cân bằng giữa công việc và gia đình khi phải tập trung quá nhiều thời gian vào công việc. . - Công ty ít nữ quá. Cần các bạn nữ apply vào làm việc cùng với anh em.
- Hiện tại mọi thứ đều ổn, chưa cần cải thiện gì thêm.",,,,
SA-106,"Môi trường được, sếp tốt! . Giờ giấc thoải mái, có vài sếp tốt bụng, hòa đồng
Làm Factory Automation học được rất nhiều skill lập trình nâng cao . Nghe nói lương không được cao so với mặt bằng chung.",,,,
SA-107,"Good benefits, Good salary . Destop computer very high performance, Flexible working time.
Work from home over 6 months from covid 19 not require to working at office. Hire new member despite the covid-19 crissis . Combine working from home and office, good enviroment for who want take long term stragic.",,,,
SA-108,"Có cơ hội để trau dồi kiến thức chuyên môn . Môi trường tự do, không bị ràng buộc phải complete 8h/ngày, miễn xong task là được
Môi trường làm việc tự do, không bị gò bó vào khuôn khổ . Công ty nên rõ ràng khoản OT vì nhiều project cần OT để chạy kịp deadline nhưng công ty chưa rõ ràng các khoản này lắm",,,,
SA-109,"Ideal environment for fresher . There are a lot of projects in a wide-ranging of industries. Staffs could have many chances to get new exposure
OT payment is sometimes not a true reflection of OT hours, especially busy season . Salary is just suitable for new freshers, who need to gain working experiences. The salary level is quite not competitive enough to retain senior staffs.",,,,
SA-110,"Môi trường khá tốt . Môi trường tốt, thân thiện đồng nghiệp vui vẻ hòa đồng
Rất ít khi xảy ra trừ những lúc dự án cần gấpppppppppppp . Lương chưa cạnh tranh so với mặt bằng chung, cần cải thiện thêm",,,,
SA-111,"Công ty tốt . Cty ok, môi trường tốt, dự án thú vị
Cty chi trả OT đầy đủ nếu có phát sinh, tuy nhiên ít OT vì workload vừa đủ. Work life balance
Văn phòng tốt, vị trí trung tâm thuận lợi di chuyển (có kẹt xe giờ cao điểm chút, trung tâm nên chịu). Dự án hấp dẫn, có cơ hội dùng tiếng anh nhiều.
Điều hòa nhiều lúc khá lạnh, tưởng như đâu đang ở Nauy, mà thà lạnh để mọi người xích lại gần nhau cho ấm. Nếu có thêm vacation trip thì thêm vui
Ít hoặc không OT, nếu OT sẽ được trả đầy đủ
-- . Cần nhiều sự kiện để mọi người có thể giao lưu, làm quen hơn nữa",,,,
SA-112,"Môi trường làm việc . Môi trường thoải mái, không gian đẹp. Có thời gian cho gia đình nếu làm ở trong thành phố Hà Nội. . Lương thấp hơn so với mặt bằng chung. OT nhiều, lương OT phụ thuộc vào PM(^_^).
Làm OT chỉ được tính 1/2 thời gian OT, 1/2 thời gian OT tính vào nghỉ bù. Mà khi nghỉ việc riêng, phải chọn nghỉ bù, không được chọn nghỉ phép thành ra 1 năm có 12 ngày nghỉ phép ko dùng tới và bị mất đi. OT thứ 7,CN ko tính hệ số mà như ngày thường.",,,,
SA-113,"Thích hợp sv mới ra trường . Phòng làm việc rộng rãi.
Phúc lợi tốt.
Sếp Hàn hiền.
Công việc nhàn.
Lương đầu vào ổn.
OT có lương x1.5, x2, x3 vào ngày thường/cuối tuần/ngày lễ. . Công ty ưu tiên tuyển người mới hơn giữ người cũ.
Lương tăng hằng năm rất thấp, 2 năm kn bên ngoài vào deal lương ~ x2 lương ng làm đc 2 năm ở samsung.
Văn phòng khá ồn do tiếng búng tay, đặc biệt cười đùa vào giờ nghỉ trưa.",,,,
SA-114,Kỹ năng quản lý còn yếu . Môi trường học hỏi tốt nếu được vào dự án phát triển từ đầu. Thích hợp cho người mới tốt nghiệp. . Đôi khi làm cả sáng thứ bảy. OT thường xuyên. Nên khó có thể trụ lâu dài.,,,,
SA-115,"Môi trường học tập tốt, lương thấp . - Môi trường làm việc tốt
- Thích hợp cho người mới ra trường học tập process chuẩn
- Lead tận tình nên học hỏi được nhiều thứ
Môi trường học hỏi tốt cho người mới đi làm. Xếp dễ thương hướng dẫn tận tình . - Lương thấp
- Nếu vào fresher bị ràng buộc 1 năm
- Thường xuyên OT",,,,
SA-116,"Quan hệ đồng nghiệp tốt nhưng chế độ đãi ngộ và lương thưởng thấp so với nỗ lực. . Quan hệ đồng nghiệp vui, gắn kết, Có cơ hội học hỏi dành cho các bạn mới ra trường. . Tất cả mọi nhân viên đều biết lương FSoft rất thấp so với mặt bằng chung. Chính sách công ty cũng thay máu liên tục nên đa số nhân viên đủ lông đủ cánh thì sẽ nhảy việc.
OT sấp mặt nhưng ít khi đc approve request OT, đa số phải tự OT cho xong việc mà không được lương OT",,,,
SA-117,"Đồng nghiệp thân thiện . Môi trường và giờ giấc làm việc khá thoải mái. Client thân thiện, dự án ít áp lực.
Dự án mình làm chưa phải OT bao giờ nên chưa biết. . Hiện tại chưa có điểm nào mình thấy cần cải thiện.",,,,
SA-118,"OK nhưng HR khá lồi lõm và chậm chạp . văn phòng đẹp
lương ổn
chịu khó thì học hỏi được nhiều . lần pv đầu tiên dù là vào vòng cuối cũng phải chủ động liên hệ để biết kết quả không thì biệt tăm luôn
tuỳ team mà thường ko trả lương OT
mn tan làm khá muộn",,,,
SA-119,"Không phải là môi trường phù hợp cho software developer thuần về hướng kỹ thuật . - đồng nghiệp thân thiện
- giờ giấc linh hoạt
- lương tháng 13 cố định . - Môi trường ""nịnh bợ"", phân biệt tầng lớp
- Chất lượng công việc không được quan tâm, thả lỏng. Mỗi nhân viên tự ""bơi"" trong dự án của riêng mình. Quản lý yếu kém của các PM, thậm chí các PM còn không nắm được công việc thật tế của member.
- Là chi nhánh ""con"" của Ấn Độ, thường xuyên bị bên Ấn chèn ép và phải làm những dự án với công nghệ rất cũ, tài liệu không có, cách viết code rất tệ. Các PM bên Việt Nam hầu như không dám có ý kiến phản đối.
- Mang tiếng là công ty Engineering nhưng những người đi thuần theo hướng kỹ thuật không được quan tâm, chỉ giống như những member bình thường khác.
- Có rất nhiều ""giai thoại"" trong việc ép nhân viên phải ký bond như là một hình thức hiệu quả duy nhất để giữ nhân viên. Ngoài ra cũng có khá nhiều chính sách ""bí ẩn"" mà nhân viên chỉ được biết khi ở trong từng tình huống cụ thể.",,,,
SA-120,"Môi trường làm việc không tốt, gò bó nhân viên . Có nhiều hoạt động trong giờ làm việc để giúp nhân viên thư giãn. . - Cách quản lý của CEO không chuyên nghiệp. Thường đem tâm trạng cá nhân vào công việc để quản lý nhân viên. Bữa nào vui thì nhân viên thoải mái, bữa nào bực bội, khó chịu thì sẽ gò bó nhân viên.
- Lương thấp.
- Bàn ghế nhỏ, máy tính thì cũ.
- Kiểm soát giờ vào làm của nhân viên rất kỹ. 1 tuần đi trễ không được quá 3 lần nếu không sẽ bị trừ lương.
Không trả lương đàng hoàng cho OT. Cuối tuần đã OT thì sẽ không có được ngày khác để nghỉ bù.",,,,
SA-121,"Môi trường & phúc lợi tốt, không phù hợp với fresher . - Cung cấp đồ ăn sáng/trưa miễn phí.
- Lương cao.
- Phúc lợi tốt.
Hầu như không OT, làm việc đúng giờ và về. Giờ giấc không gò bó, nhưng cũng không có chế độ thưởng khi đi làm đúng giờ. . - Môi trường làm việc khá ồn.
- Pair programming.
- Không được tự chọn proj mình muốn.",,,,
SA-122,"Có cơ hội thực tập 3 tháng . Các bạn thực tập cùng vui vẻ, hòa đồng, tuy nợ trợ cấp thực tập nhưng vẫn trả (đến lúc làm công ty khác thì mới trả)
applied DE, dự án dừng nên phải báo cáo bằng SQL, hỗ trợ team Backend.
Thanh toán trợ cấp thực tập trễ có thể tính bằng tháng, hầm xe chật . Thời gian thanh toán lương, trợ cấp. Cần quy trình làm việc bài bản hơn. Vì không được làm đúng vị trí ứng tuyển nên cũng không góp ý nhiều.",,,,
SA-123,"Giữ nhân viên bằng văn hóa chứ không phải lương . Văn hóa tốt
Nhiều gái xinh
Được trải nghiệm ở môi trường IT lớn . Lương thấp so với mặt bằng chung
Nhiều thành phần nịnh hót, kỹ năng không cao nhưng dẻo mồm
Nên làm lấy kinh nghiệm rồi nhảy việc
OT bất tận, cũng tùy dự án nhưng nhìn chung là nhiều",,,,
SA-124,"Chính sách đã từng rất tốt . hệ thống data, SQL rất tốt, team tech rất giỏi và đáng tự hào
không có OT nhưng về sale thì xét theo target thôi nên không sao . càng ngày càng có xu hướng ép lương cực mạnh, chính sách bất cập, không có phụ cấp đi lại/ăn uống/điện thoại/máy tính cho sales. Tất cả phải tự lo và tự trang bị.
Deal lương 1 đằng sau lại tự đơn phương thay đổi (bảo chỉ giảm lương base và tăng commission, ảnh hưởng trực tiếp đến quyền lợi về BHXH, sao không nói thẳng từ đầu khi đưa offer). Chậm trễ trong việc tái kí hợp đồng",,,,
SA-125,"Phúc lợi ổn, công việc ổn định, hạn chế OT . Công việc không quá đều, làm việc trực tiếp với bên UK
Khi OT được approved sẽ được chi trả đầy đủ, không . Không có gì để phàn nàn hơn nữa, mọi người đều thân thiện",,,,
SA-126,"PM tốt, có tâm . Văn phòng nhìn chung là đẹp.
Leader tốt, cởi mở.
Môi trường làm việc ổn. PM vui vẻ hòa đồng. Đồng nghiệp cũng vui vẻ. . Tùy theo dự án có tính lương OT, có dự án thì không.",,,,
SA-127,"Nhân viên mới đều được cấp Macbook đời mới . - Được cấp Macbook ngay ngày đầu tiên đi làm
- Các bạn HR nhiệt tình hỗ trợ
- Có mấy câu lạc bộ thể thao xịn xò: bóng đá, cầu lông, yoga, chạy bộ...
Đâu có OT gì đâu ta . Lò vi sóng hơi ít vì số lượng nhân viên ngày càng tăng, hy vọng công ty sẽ đầu tư thêm",,,,
SA-128,"Môi trường cứng nhắc, sếp ko có năng lực chuyên môn . văn phòng rộng rãi, bãi đậu xe mát mẻ, thuế, bảo hiểm xã hội được đóng đầy đủ . Môi trường cứng nhắc , đi làm phải áo sơ mi đóng thùng, dép có quai hậu hoặc giày, vi phạm bị ghi tên, đi trễ 1 phút bị ghi tên (về trễ ko ai nói gì :)) ). Mỗi lần bị ghi tên ăn KiD, quý đó coi như trừ lương sấp mặt. Sếp ko có năng lực chuyên môn, chỉ biết nói việc cần làm xuống và làm, làm việc ko có quy trình, toàn kiểu thử và sai ko có specs mô tả cụ thể (đa số là sai, làm đi làm lại chết dev, đôi khi dev kiêm luôn UI/UX). Toàn tuyển sinh viên mới ra trường (lương ít), việc thì đẩy nhiều ko tả nổi, OT là chuyện hàng ngày, phải đi làm thứ 7 và ko trả lương OT. Đa số người có năng lực vô làm 1 thời gian rồi nghỉ
OT là chuyện hàng ngày, phải đi làm thứ 7 và ko trả lương OT",,,,
SA-129,"Công việc nhiều . Văn hóa công ty, innovation, learning english, có điều kiện travel nước ngoài nhiều. . Công việc nhiều, áp lực cao và đòi hỏi OT nhiều giờ mà không có benefit xứng đáng.",,,,
SA-130,"Môi trường quốc tế . Môi trường quốc tế, được làm việc trực tiếp với team nước ngoài (Sing, US) giúp cải thiện ngoại ngữ và tăng sự tự tin đáng kể.
Hầu như ko có OT, ở đây ko ai ép bạn phải làm gì cả mà sẽ là bạn tự làm vì đó là trách nhiệm của bạn. . Chưa thấy gì cần cải thiện. Máy lạnh hơi lạnh. Văn phòng hơi xa.",,,,
SA-131,"Công ty lớn, quy trình đầy đủ, áp lực nhiều, môi trường hơi toxic . Quy trình làm việc khá rõ ràng, có bộ phận xử lý riêng biệt nên nếu biết xử lý sẽ nhanh. Có nhiều loại chế độ cho talent pool.
Không có OT cho nhân viên (trừ IT, dev). Nhân viên nghiệp vụ khác không được tiền OT. . Cần xác định công việc rõ ràng hơn giữa các bộ phận mới thành lập.",,,,
SA-132,"Công Ty Rất Tốt ( Vị trí Java Developer) . Công ty cơ sở vật chất tốt, đồng nghiệp rất tốt bụng và thân thiện. Mọi người quan tâm tới nhau và giúp đỡ công việc rất nhiều. Giờ giấc linh động nhưng mọi người không lạm dụng nó. Bạn đi làm chậm nhất là 9h có thể đi trễ hơn, nhưng miễn sao bạn làm đủ giờ công và chất lượng công việc là được. Công ty rất vui vẻ và phúc lợi theo mình là tốt hơn so với các cty Việt Nam khác. Anh lead Java hiện tại rất thân thiện. Cả ông sếp người Úc và chị HR cũng rất tốt. Nói chung mọi người trong cty ai cũng tốt hết :D. Công ty có làm theo quy trình sử dụng jira.
Công ty không có OT. Làm đúng giờ bạn có thể về, thứ sáu bạn được sếp yêu cầu về sớm nữa :D . Công ty làm chủ yếu là CMS, có nhiều team .NET, PHP và JAVA nên chủ yếu mọi người cũng làm về CMS. Bạn sẽ bị phụ thuộc vào các hệ thống CMS khách hàng sử dụng rất nhiều, nên những gì bạn học được chỉ là về CMS. Mình vào công ty vị trí Java nhưng cảm thấy mình yêu thích làm product để có cơ hội làm với các công nghệ mới hơn thay vì phụ thuộc vào các hệ thống CMS có trên thị trường (Magnolia, OpenCMS, AEM CMS,..) Nhưng các bạn nên cân nhắc trước khi gia nhập cty để tránh lãng phí thời gian của bạn và tiền bạc của cty, công ty là làm về CMS nên bạn nào chưa hiểu khái niệm này nên tìm hiểu kĩ thêm và hiểu rồi thì cũng nên cân nhắc lại vì công cty làm toàn bộ những dự án CMS đã build sẵn, chứ không phải bạn build CMS từ đầu bằng ngôn ngữ nào đó ( mình đã bị nhầm lẫn khái niệm này vì trước mình làm 1 startup build CMS lên chứ không sử dụng các hệ thống CMS trên thị trường, vì vậy mình ko gắn bó với cty lâu dài được chứ cty thực sự ổn) Nếu làm cho công ty bạn sẽ học được nhiều các hệ thống CMS hiện nay nhưng sẽ bị hạn chế chỉ trong mảng CMS. Mình khuyến khích các bạn có kinh nghiệm lâu năm, đã học được nhiều thứ, nắm được nhiều xu thế công nghệ và yêu thích làm CMS hẵng vào công ty. Không khuyến khích các bạn muốn học nhiều thứ khác nữa, không chỉ đơn thuần CMS xin vào cty. Tốn tiền tuyển dụng của cty các bạn lại out vì thấy không phù hợp định hướng :D",,,,
SA-133,"Good for Freshers . Văn phòng rộng, đẹp, làm trên máy tính bàn, nhưng không clone source code công ty về nhà review được. . Tập trung vào phát triển con người nhiều hơn, đầu tư thêm về đào tạo phát triển nghề nghiệp nhân viên.
Career path không rõ ràng. Apply Java, phỏng vấn Java, vô làm thì bị đẩy qua làm Ruby.",,,,
SA-134,"Training proccess chuyên nghiệp, đồng nghiệp chuyên môn cực tốt . - Training proccess chuyên nghiệp, đầy đủ, lịch trình rõ ràng
- Đồng nghiệp chuyên môn cực tốt
- Policy nói chung tốt, lương cũng thuộc dạng khá . - Đi làm hơi xa, kẹt xe
- Ăn trưa hơi xa, k gần quán cơm ngon
- Làm việc hơi trâu bò, tập trung",,,,
SA-135,"Lương thấp, review lương chậm . Sếp và đồng nghiệp thân thiện, nghỉ thứ 7 chủ nhật . Chế độ OT không rõ ràng, chế độ công tác thấp, công nghệ còn cũ
OT phải được duyệt mới được trả tiền, nhiều lúc OT nhưng không được trả tiền do PL ko duyệt",,,,
SA-136,"nói chung là ổn . môi trường lv thoải mái, chế độ rõ ràng minh bạch, anh em nếu muốn tìm hiểu về công nghệ mới cứ mạnh dạn apply
Chế độ OT rõ ràng, đúng luật, chưa gặp vấn đề gì khi OT, cũng k thường xuyên phải OT lắm . Văn phòng nhiều lúc hơi bí, có hỗ trợ cơm trưa nữa thì tốt",,,,
SA-137,"Tốt với fresher . Khách hàng đa số từ nước ngoài, có thể đảm nhiệm nhiều vai trò, làm thêm extra jobs, có thể học hỏi từ mentors.
Nhiều dự án, công nghệ trải đều, cơ sở vật chất tốt . Có nhiều dự án kết thúc nhanh, khả năng tác động của cá nhân đến dự án không nhiều.",,,,
SA-138,"Môi trường tốt . Dự án chủ yếu tài chính ngân hàng nên hơi chán
Dư án trước giờ toàn ngắn hạn
Môi trường học hỏi tốt
Sếp biết quan tâm nhân viên
Được cấp Mac book mới nhất
Văn phòng ở co working space hiện đại
Đồng nghiệp hòa đồng . Cung cấp nhiều khóa học online
Lớp tiếng Anh cho giao tiếp",,,,
SA-139,"Phù hợp với các bạn mới ra trường . Leader nhiệt tình, đồng nghiệp thân thiện.
Các dự án có requirement về công nghệ khác nhau, khá thích hợp để rèn luyện kỹ năng.
Lương tháng thấp nên lương OT cũng khá thấp, chưa xứng đáng với công sức bỏ ra. . Lương thấp, nên trả lương đúng với công sức nhân viên bỏ ra.",,,,
SA-140,"chuyên nghiệp . vp đẹp, rộng rãi , chuyên nghiệp.........................................................................................
ít OT ............................................................................................. . chưa có gì .................................................................................................................",,,,
SA-141,"Thích hợp cho fresher, môi trường thoải mái . - Văn hóa công ty thoải mái
- Giờ giấc thoải mái
- Đào tạo đặc thù về AUTOSAR, là 1 mảng công nghệ đang rất hot, nếu chăm tự học sẽ có thể lấy được 1 vùng kiến thức quan trọng . - Lương cần cải thiện, nhân viên đóng góp rất nhiều để các sản phẩm ra đúng hạn, nhưng khi tiền customer trả về department lại chả thấy bonus đâu
- Các task chỉ có một chiều và vẫn chưa khoáy sâu vào vùng kiến thức cần nắm
- Vẫn còn số ít leader hách dịch
Rất khó để có được OT, thủ tục xin duyệt từ nhiều phía, trừ khi plan quá gấp mới có",,,,
SA-142,"Friendly colleague . Đã từng là môi trường làm việc thân thiện, vui vẻ, giúp đỡ lẫn nhau.
Đã từng là môi trường có thể học hỏi được nhiều về hệ thống liên quan đến booking. . - Sếp hiện nay đánh giá nhân viên theo tiêu chuẩn lòng trung thành mà không phải theo năng lực.
- Quản lý hiện nay không hiểu được sản phẩm công ty, không hiểu nhu cầu người dùng, do đó sau khi nhận mail chỉ biết forward, và còn forward sai với yêu cầu người gửi, gây khó khăn cho team IT
Hiện nay OT đều là tự nguyện.
Không có chế độ cho OT dù sếp bắt buộc phải OT.",,,,
SA-143,"OT quá nhiều, lương thấp. . OT quá nhiều, lương thấp, chế độ thua các công ty khác nhiều. . Lương thấp, OT quá nhiều, không phát triển được bản thân.",,,,
SA-144,"Sếp tốt môi trường phù hợp sinh viên mới ra trường . môi trường trẻ trung năng động, nhiều hoạt động cho Fresher academy . Lâu trả lương Overtime, 1 năm có 2 đợt trả lương Overtime",,,,
SA-145,"Only looks nice outside . - Learning and work opportunities are good
- Modern facility
- Can order office lunch through a mediary for a reasonable price
- Most people are sociable and hard-working
At the end, I gave thumb up, but neither do I recommend or disapprove working here. If you're looking for opportunities then go ahead. If you want a stable job, then don't. . - High turnover. You see lots of people going and coming. (Common in outsourcing companies)
- High expectation and target. Working on 3-4 projects at the same time to meet the target. Because projects cost estimates are low, you have to double/tripple your efforts.
- High pressure.
- Racial preference. There's a PM who can only communicate in Japanese, but the developers are 99% Vietnamese.
- Arrogant and self-centered staff. Some PMs have their own working style and won't adapt to others. Like to criticize others but don't wan't to admit their own faults (Some managers can't even speak proper Japanese).
- No specified work management methods. PMs have to work in their own way.
- OT. Despite OT not being mandatory, the majority of people stay for longer, because of high expectation and target (explained below.)",,,,
SA-146,"Phù hợp với mới ra trường đẻ lấy kinh nghiệm + process . Công ty đông, phù hợp với mới ra trường, tích lũy kinh nghiệm . log ot cho nhân viên, giờ làm việc cần thoải mái hơn.
ít khi được log ot và quy ra ra lương + ngày phép",,,,
SA-147,"Low salary, boss is not good enough . Working time is flexible and culture of the company . Salary is lower than market
Boss do not make enough conditions for development of employees.
Boss prefer saying than helping employee .",,,,
SA-148,"Rewiew office Advesa Hanoi . Vị trí ở gần Hồ Tây, không gian thoáng mát và phù hợp cho không gian.
Văn phòng đẹp được trang thiết bị Apple làm việc.
Mọi người đều hoà đồng, thoải mái và vui vẻ.
Chưa có OT trong công việc. Vì là công ty sản phẩm nên việc này chưa có. . Cải thiện bữa ăn: có thể thuê người nấu ăn thì tốt.
Có thêm không gian cho minigame",,,,
SA-149,"Tốt cho các bạn mới ra trường . Văn phòng đẹp, đồng nghiệp vui vẻ hòa đồng. Có nhiều sếp tốt . Thích hợp cho sinh viên mới ra trường cần trao dồi kinh nghiệm . OT nhiều do phần lớn là sinh viên , fresher . lương thấp so với mặt bằng chung
OT quá nhiều có khi đến 5h sáng ! khoảng tính tiền OT chưa hợp lý.",,,,
SA-150,"Nếu không biết tiếng Nhật thì đừng vào đây . Nêu bạn yêu thích tiếng Nhật thì nên vào đây Vì chỉ cần biết tiếng Nhật lương bạn sẽ cao chót vót, cao hơn cả dev giỏi nhưng ko biết tiêng Nhật. Và hơi bị phân biệt chủng tộc. Người Nhật thì được chạy xe vào khuôn viên còn người Việt thì phải dắt bộ. . công ty này không có gì phải phàn nàn...... ............",,,,
SA-151,"Phù hợp cho các bạn mới ra trường làm quen môi trường làm việc thực tế . Nhiều dự án đủ thể loại lớn bé. Tuy nhiên có những dự án không nên làm lâu, sẽ bị mai mốt kĩ năng . Xóa chế độ làm việc 44h. Tính OT cả 4 tiếng thứ 7 .
Không tính OT 4 tiếng thứ 7 nên có vẻ chưa công bằng",,,,
SA-152,"Mọi thứ đều ổn. Ngoại trừ khả năng tăng lương . Thời gian không gò bó
Không gian nhiều đồng nghiệp thân thiện.
Dự án ổn định . Khả năng tăng lương chậm ổn định, rất khó cho những ai năng động, muốn bứt phá trong sự nghiệp",,,,
SA-153,"Nhân viên giỏi, nhìu cơ hoi onsite . Nhân viên giỏi, nhìu cơ hoi onsite
Văn phòng đẹp, giờ giấc thoải mái đồng nghiệp vui . Lương tăng chậm, mặt bằng thấp hơn các chỗ khác. Ot không có nhiều tiền
Không được tiền ot như đã nói. Chỉ có nghỉ bù. Khi cần thì ot rất nhiểu áp lực",,,,
SA-154,"It's an ideal environment for newcomers . What stands out the most is the collaborative and supportive work culture. The leadership team is encouraging and always ready to guide you. There are also various activities focused on promoting mental health, showing that the company genuinely cares about its employees' well-being. The individual development plan is clear, and there are abundant opportunities for learning and growth.
Employees are aware of the expectations, and the company maintains a good balance, ensuring that overtime is not a regular requirement . One area that could be enhanced is increasing the frequency of some of the mental health activities or providing additional resources to further support employees' personal development. Other than that, the company provides a solid structure for career advancement and well-being.",,,,
SA-155,"Cơ sở vật chất tốt . Bãi đậu xe rộng rãi, có sân đá bóng, sân chơi cho nhân viên, chổ thư giãn.. . (This Disadvantages are not apply for the whole company, only some BUs)
1. This company is not provide a good wage to the staffs.
2. Jobs in this company is so boring.
3. Good working process but very conservative.
4. Not using trendy technologies.
5. Technologies used is depend on customer's choice.",,,,
SA-156,"Lương cao nhưng mấy chính sách chăm sóc đời sống nhân viên thì chưa ổn . Lương ở đây khá cao. và trả đúng hạn. sếp ở đây cũng nhiệt tình. . Phòng làm việc khá nhỏ, ghế ngồi thì thuộc loại ghế cũ, không ngã lưng được, và cũng ko có tay dựa. vẫn phải trả phí khi gửi xe. công ty không có chỗ relax cho nhân viên, cũng như không có nước ngọt và bánh trái. lâu lâu thì có người gọt trái cây mang cho. văn phòng hơi bừa bộn và tù túng. các hoạt động khác trong văn hóa công ty cũng chưa được phổ biến
làm OT thì không trả lương như bình thường, thay vào đó là sẽ được công thêm ngay nghỉ. thấy vậy có điều không ổn, kiểu bị mất % lương OT",,,,
SA-157,"Môi trường không đáng tin cậy . Không có thích điều gì ở công ty này. Hãy cân nhắc khi nộp đơn. . 1/ Sếp không thích nhân viên làm việc nhanh, đúng giờ, đúng deadline. Cho dù bạn làm xong, ra về đúng giờ đồng nghĩa với bạn là kẻ vô dụng
2/ Bóc lột, OT suốt đêm tới 1-2h sáng vẫn không có lương. Bạn từ chối đồng nghĩa với bạn là kẻ vô dụng.
3/ Leader giao task không giao documents, bảo tự xoay sở.",,,,
SA-158,"môi trường năng động , sức trẻ nhưng chế độ chưa được ổn . môi trường năng động , sức trẻ và mọi người trong team thì hòa đồng . Chính sách của cty đôi khi ko được rõ ràng , dẫn đến nhân viên ko hiểu về chính sách sẽ có những thái độ tiêu cực trong cv và đời sống
OT chỉ là giải pháp tạm thời , nếu được thì phải replan lại đảm bảo chất lượng sản phẩm , vì khi làm việc nhiều khả năng tập trung kém đi",,,,
SA-159,"OT too much . Văn phòng rộng rãi, mùi coffe dễ chịu, lương tốt. Viết thêm cho đủ 50 ký tự. . OT quá thường xuyên, áp lực từ lead quá nhiều, không thích hợp cho những người có gia đình.
Vì tôi không thích OT, chỉ có vậy thôi. Viết thêm cho đủ 50 ký tự.",,,,
SA-160,"Môi trường làm việc tốt . - Dự án international nên được làm việc trực tiếp với các đồng nghiệp ở nước ngoài (rất quan trọng để cải thiện kỹ năng giao tiếp tiếng anh)
- Công ty tổ chức rất nhiều event hay, sponsor cho các hoạt động thể thao, bơi lội, yoga để cải thiện sức khỏe nhân viên.
- Công ty có tinh thần lắng nghe và cải thiện những điều chưa tốt qua thời gian.
- Có thêm bảo hiểm sức khỏe premium cho gia đình (vợ, chồng). Làm việc lâu thì đc thêm iPhone và bảo hiểm sức khỏe bổ sung cho con cái hoặc cha mẹ.
- vân vân và mây mây :D
Công ty không khuyến khích OT. Mình làm cũng khá lâu ở công ty mà chưa bao giờ dự án request mình phải OT cả. :D . Nên có nhiều cách để tạo động lực cho nhân viên cải thiện bản thân.",,,,
SA-161,"Công Ty Outsource với nhiều Benefit tốt . Công ty nằm trong Etown nên có bãi giữ xe với không gian thoải mái làm việc, mỗi sáng đều có bữa ăn sáng cho nhân viên, giờ giấc linh động
Được làm việc với khách hàng nước ngoài tùy theo dự án, benefit cho nhân viên khá tốt
Công ty không khuyến khích OT. công việc cũng không áp lực đến mức OT . hiện tại thì chưa có gì cảm thấy chưa ổn. tát cả đang rất tốt với mình",,,,
SA-162,"Công việc trẻ trung, môi trường cởi mở, sáng tạo. . Môi trường trẻ trung. Daily snack party per week. Có thể nhanh béo. . Thanh máy chật chội. Phải chọn giờ đến nếu không muốn muộn giờ làm.
Thời gian OT không được mở điều hòa. Nhưng nếu có người ở lại cùng sẽ vui hơn.",,,,
SA-163,"Không hợp cho ai muốn phát triển theo hướng techical lead . - Giờ làm việc linh hoạt
- Môi trường tiếng anh
- Các lớp training
- Môi trường thân thiện . - Lương thấp so với mặt bằng chung
- Project thường xài công nghệ cũ
- Ko có người review code nên code quality khá thấp",,,,
SA-164,"Công ty khá OK . Cơ sở vật chất tốt, giờ làm việc nghiêm túc, đồng nghiệp trình độ cao và sẵn sàng giúp đỡ. . Đi công tác khá nhiều, sếp khó tính.
Công việc khá bận rộn.",,,,
SA-165,"Môi trường không rõ ràng. . Lương khá.
Trong team nhiều người vui vẻ, thoải mái.
Không OT. . Phúc lợi không rõ ràng.
Giam lương 12 ngày.
Không khuyến khích nhân viên phát triển.",,,,
SA-166,"Môi truờng làm việc thân thiện, văn phòng ở mức trung bình. Dự án công nghệ cũ . Đồng nghiệp thân thiện, có thể mở rộng các mối quan hệ thêm
OT có 2 dạng: tính tiền và bù ngày phép . Tăng phúc lợi, giảm bớt áp lực lúc thử việc, cải thiện văn phòng làm việc",,,,
SA-167,"lương thấp . Đồng nghiệp vui vẻ, học hỏi lẫn nhau, tự tổ chức team building vui vẻ . Họp và báo cáo mất thời gian. Sếp không tốt. Lương không cao",,,,
SA-168,"Công ty tốt, quy trình rõ ràng, phù hợp để học hỏi nhất là với Fresher . Đồng nghiệp trong công ty hòa đồng, thân thiện nhất là có nhiều đồng nghiệp trẻ cùng độ tuổi với mình, anh em chơi với nhay rất vui . Dự án mình từng làm với khách hàng Nhật phải OT, ON hơi nhiều, thậm chí là triền miên khiến nhân viên mệt mỏi nên cần cải thiện khâu estimation.
Dự án mình làm với khách hàng Nhật phải OT khá nhiều, thậm chí là ON, tuy nhiên lương OT được trả đầy đủ và quy đổi thành ngày nghỉ phép",,,,
SA-169,"More than expectation . - What I like the most here is hybrid working mode with flexible working time. I can leave work at 4pm to pick up my child from school than work from home :)).
- Performance is mostly evaluated through the result outcome and productive instead of working hours.
- Most of familiar benefits are well provided such as: PTI Insurance, Macbook provided, monthly teambuilding, a lots of snacks and beverage at pantry, individual training budget,..bla bla
- Performance Bonus twice a year with maximum is 2-month/year
Japanese company but Western working style and culture . It'd be great if the company also sponsor private healthcare for employee's children/spouse",,,,
SA-170,"Lương ổn, phù hợp ai ngoan ngoãn . Lương ổn
.........................................
.. . Phân biệt cấp bậc, ở đây muốn sống tốt phải biết nâng bi. không được trái lệnh, lệch cái là bị đì cho đ' ngóc đươc lên, bảo sao phải biết nghe vậy. Team building hè gộp chung với tổng kết cuối năm. Hoàn thành KPI mới cho đi nghỉ mát
Phân biệt cấp bậc, ở đây muốn sống tốt phải biết nâng bi",,,,
SA-171,"Cong ty cung tam tam . Moi truong thoai mai, than thien, vui ve.
Gio giac thoai mai . Chi phu hop vs SV moi ra truong.
Khong nhu nhung gi PR qua da
Khong nhu nhung gi PR, cong ty lam viec manh mung, Chi phu hop vs SV moi ra truong.",,,,
SA-172,"Moi truong thoai mai, van phong rong rai, co nhieu project khac nhau de hoc hoi . Moi truong lam viec chuyen nghiep, rong rai, khong co OT. . Luong binh thuong, it di du lich va teambuiding, it thuong theo project, OT phai duoc kiem duyet ky moi duoc tinh la OT, computer yeu, policy cao.",,,,
SA-173,"Nhân viên mới được support nhiệt tình . + Quy trình phỏng vấn nhanh gọn lẹ
+ Chế độ lương thưởng phúc lợi tốt
+ Support nhiệt tình
Chưa OT bao giờ nhưng đọc thấy chế độ OT của công ty khá tốt . + Màn hình làm việc hơi nhỏ
+ Văn phòng HN hơi bí
dù sao m wfh chủ yếu nên cũng k ảnh hưởng lắm",,,,
SA-174,"Literally affected by relationship . Standard overall benefits.
Salary line equal or higher than market. . Not very clearance and open mind. Highly base on relationship.",,,,
SA-175,"Đánh giá về FSoft . Anh em đồng nghiệp tốt, môi trường thoải mái flexible
Mọi thứ ở công ty đều khá tốt trừ việc lương thưởng và định hướng công ty . Chế độ lương thưởng cần cải thiện rất nhiều, sếp cần quan tâm nhân viên nhiều hơn",,,,
SA-176,"The right environment, good project & awesome people . The thing I love the most is people, at Grab, you can find a lot of awesome people from around the world, who worked at AWS, Google, Facebook, ... (big tech companies)
You can talk & get help from many people.
You can join a lot of rooms to learn, discuss, leave comments about any problem your interests.
A lot of documentation about the project, technology and you can discover by yourself & following it to get something news.
Grab pay for OT very good, clearly & fit for you developer . At first, maybe you can feel overwhelmed, feeling you hard to contribute to Grab. But after one or two months everything will better.",,,,
SA-177,"Đồng nghiệp thân thiện, sếp khó ưa. . Đồng nghiệp khá hoà đồng, thân thiện. Có phòng ăn trưa và phòng relax để nghỉ ngơi buổi trưa. . Sếp không biết thông cảm và thấu hiểu, quá hám danh hám lợi. Lúc nào cũng chê này chê nọ.
OT điên cuồng không có lương thêm, hỗ trợ gì. Đòi hỏi trách nhiệm nhưng không đề cập quyền lợi cho nhân viên (trừ cấp quản lý).",,,,
SA-178,"HMD tách khỏi Yes4all. Yes4All thay máu nhân viên nhanh chóng mặt . Văn phòng đẹp, pantry đẹp, ghế ngồi được CEO nhấn mạnh là 5 triệu 1 cái . Thay nhân viên nhanh chóng mặt, từ cấp cao đến cấp thấp. Chưa kịp nhớ mặt đã mất mặt.
Không có lương OT, làm trễ thì chịu. CEO chụp hình khuyên khích nhân viên ở lại làm việc trễ hơn giờ quy định.",,,,
SA-179,"Môi trường thoải mái . Môi trường thỏa mái, đồng nghiệp vui vẻ, đoàn kết
Lý do hợp lý thì đều được duyệt OT đầy đủ, có OT cả khi golive sản phẩm. Lương OT theo quy định pháp luật, trả vào tháng tiếp theo . Tăng lương linh hoạt hơn, hỗ trợ thêm chi phí đào tạo các chứng chỉ",,,,
SA-180,"Hợp cho các bạn trẻ . - Văn phòng đẹp
- Môi trường hợp cho các bạn năng động và bạn trẻ.
- Lương thấp hơn mặt bằng chung
- Nhiều dự án cần lộ trình rõ ràng . - Lương thấp hơn mặt bằng chung
- Nhiều dự án cần lộ trình rõ ràng",,,,
SA-181,"Great company overall . Supportive and understanding manager
Friendly and approachable colleagues
Clear and generous benefit policies
Rarely have to work overtime. Occasionally, there’s a bit of extra work during releases but it’s not often . Hope the company will organize a teambuilding trip soon",,,,
SA-182,"Công ty như viện dưỡng lão . Được cấp laptop trong mùa dịch, thời gian thoải mái, sếp dễ tính
Không có OT, nếu có OT thì lương OK. Được nghỉ t7 cn . Lúc không có dự án nhân viên được ngồi chơi, không có gái đẹp",,,,
SA-183,"Hệ thống tổ chức cồng kềnh . Đồng nghiệp thân thiện, môi trường làm việc chuyên nghiệp. . Hệ thống tổ chức cồng kềnh, working process chưa chuyên nghiệp.",,,,
SA-184,"Internship - Great office space . - Own building block with parking lot;
- Good training courses for fresher;
- I pick this because I cannot unpick;
- It's just so so for me; . - No salary;
- I just feel dissatisfaction and no recognition after the internship.
OT không lương",,,,
SA-185,"Môi trường thoải mái nhưng OT nhiều . Môi trường thân thiện, thoải mái. Cơ hội onsite nhiều. Nhiều dự án nên có cơ hội học hỏi nhiều, thích hợp với các bạn mới ra trường cần tích lũy kinh nghiệm. Có các lớp training buổi tối . Có những dự án phải OT nhiều, mức lương trung bình. Các khoảng phụ cấp không nhiều.",,,,
SA-186,"Môi trường khá ổn, benefit khá cạnh tranh, có thể làm lâu dài . Công ty cấp laptop
Thử việc full lương và có BHXH
Văn phòng đẹp
Môi trường lành tính và có văn hóa riêng
Công ty có chính sách và hệ thống để quản lý việc OT rõ ràng . Quy trình tuyển dụng chưa chuyên nghiệp, còn khá dài và phức tạp
Ngoài ra, nên có thêm các hoạt động kết nối nhân viên với nhau do còn khá ít hoạt động nên sẽ hơi nhàm chán",,,,
SA-187,"Môi trường trẻ, thường xuyên khen thưởng nhưng hơi tự phát, cơ chế chưa rõ ràng . Sếp thoải mái, hầu như các DM đều phải tham gia đứng lớp đào tạo chuyên môn
Khu vực bàn làm việc cá nhân rộng rãi nhưng các chỗ sinh hoạt chung như pantry thì hơi chật
Mới xây thêm các phonebooth để meeting nên đỡ ảnh hưởng người khác hơn
Từng thắc mắc về lương OT nhưng được giải quyết luôn, không có ý kiến gì . Thang máy rất tắc, kể cả 9h15 đến vẫn phải chờ lâu
Nhà vệ sinh vào cuối ngày hơi bẩn",,,,
SA-188,"Chế độ phúc lợi khá ổn, lương OT nhiều . Công ty có xe đưa đón nhân viên rất tiện, chế độ phúc lợi khá tốt. Văn phòng đẹp, decor truyền cảm hứng . Lương thưởng cần cạnh tranh hơn để anh em yên tâm cống hiến",,,,
SA-189,"Môi trường làm việc năng động . Môi trường nhiều các bạn trẻ, năng động, sáng tạo.
OT khi thực sự cần thiết, không OT quá nhiều dẫn đến stress cho nhân viên. . Cần bám sát Career Track của c.ty đưa ra để mọi người được tăng level trong thời gian làm việc tại c.ty.",,,,
SA-190,"Lương thấp . Gần trung tâm, tiện lợi cho việc đi lại
Nhiều chi nhánh để lựa . OT quá nhiều, lương thấp, văn phòng chật chội
Quy trình làm việc lộn xộn,
OT không được trả lương, sếp bắt OT quá nhiều bất kể lý do",,,,
SA-191,"Trang thiết bị quá tệ. Engineering Manager không có tiếng nói. HR lộng hành . Văn phòng rộng. Đồng nghiệp vui tính, giúp đỡ lẫn nhau. Team Thuỵ Sĩ thoải mái, hoà đồng. Công nghệ ổn. Có cung cấp tài khoản Oreilly.com, Pluralsight. . Máy móc quá tệ cho 1 công ty product. Macbook thì mua đồ cũ từ 2016 2017 mà quảng cáo là mới đập hộp, xong còn bắt xài vòng đời 3 năm.
Phần mềm thì 99% là lậu.
Không có 1 benefit nào đáng ghi nhận, tất cả đều là nói miệng.
HR làm bà nội công ty, nhân viên xin nghỉ thì gọi vào chửi bới người ta, nhiều người xin nghỉ quá thì giờ trò meeting 1-1 hứa hẹn dụ dỗ. Chưa bao giờ thấy công ty IT nào mà để HR làm vậy, Engineering Manager như bù nhìn, sợ HR như sợ cọp.
hầu như không có OT. Nhưng khi có thì làm khó làm dễ, chỉ quy ra ngày nghỉ bù mà tính từng giờ từng phút.",,,,
SA-192,"Amazing (as an intern) . Sếp thân thiện.
Quản lý cũng rất tốt, nhiều kinh nghiệm.
Cách đào tạo thực tập sinh rất tốt.
Môi trường làm việc rộng rãi, thoải mái.
Ko yêu cầu nhiều về overtime, sếp hy vọng mọi người nên có những hoạt động thể thao xen lẫn và nên có những chuyến holidays để xã stress. . Bãi đỗ xe khá chật, dốc hơi cao.
Không có phòng gym.
Canteen hơi bé.",,,,
SA-193,"Điều kiện làm việc tốt, nhưng môi trường làm việc thì tùy vào team . Giờ giấc thoải mái, văn phòng ổn (trừ Etown 1).
HR dễ thương, tốt.
PM nhiệt tình.
Nơi khá tốt cho fresher apply vào để biết quy trình một công ty họat động ra sao, cơ cấu tổ chức team, mô hình phát triển phần mềm và cách tiến hành một project như thế nào. . Có thể là tùy vào team nhưng có thể do xui nên vào ngay team training on job rất chán, không có bất cứ tài liệu hướng dẫn nào, internal tool.
Do không may mắn nên phải làm chung với đồng nghiệp cà khịa. Không hợp (Đây là về mặt cảm quan)
tiền OT là từ customer. Thủ tục, quy trình raise OT rắc rối.",,,,
SA-194,"Lead và đồng nghiệp cư xử cọc cằn và không cởi mở với thực tập sinh . Có hỗ trợ cơm trưa
View cửa kiếng nhìn từ trên cao xuống.
HR hỗ trợ nhã nhặn
Mình nhớ là không có OT nhiều, vì lúc đó mình là thực tập sinh nên chưa làm nhiều task phức tạp. . Cách cư xử của lead, senior trong nhóm cần giữ thái độ bình tĩnh, kiên nhẫn, cởi mở, hòa nhã với đồng nghiệp (đặc biệt là internship, người mới vào,...)",,,,
SA-195,"Thứ bạn phải đánh đổi sẽ lớn hơn rất nhiều thứ bạn nhận được . - Văn phòng là villa hồ Tây: đẹp, yên tĩnh, không khí trong lành (nhưng xa trung tâm).
- Không phải lo về ăn uống vì công ty có đầu bếp riêng (nhưng xuống muộn là có thể không có gì ăn).
- Lương thưởng tốt (so với các công ty Việt Nam).
- Phù hợp với những bạn có khả năng tự học cao, và muốn tự mình làm mọi thứ (vì sẽ không có ai giúp bạn). . 1. Công ty: vì là công ty private nên chỉ có 1 người làm chủ (CEO), nên tầm nhìn của công ty sẽ bị giới hạn bởi tầm nhìn của CEO (hoặc COO).
2. Lãnh đạo và quản lý cấp cao (cả tech và business):
+ Không có trình độ cao: bạn sẽ không học hỏi được nhiều từ họ (và họ cũng sẽ không quan tâm đến việc đào tạo bạn).
+ Không quan tâm đến sản phẩm: hầu hết thời gian bạn sẽ không biết họ làm gì cho dự án, thậm chí là không biết họ có làm việc không.
+ Không quan tâm đến nhân viên: trong một dự án cụ thể, dù cho team có bao nhiêu thành viên, lãnh đạo cũng sẽ chỉ quan tâm đến người mà họ cho là lead dự án đó (trên danh nghĩa). Nên nếu bạn không làm việc nhiều với các sếp (và không dẻo mỏ), thì đừng mong chờ họ quan tâm đến bạn.
3. Sản phẩm:
+ Công nghệ cũ.
+ Chất lượng kém, nhiều lỗi.
+ Sản phẩm mới không có nhiều người dùng.
4. Đồng nghiệp:
+ Có tình trạng ma cũ bắt nạt ma mới. Có một số thành phần rất toxic: những người này do đã ở công ty lâu năm, dù không làm được gì nhiều nhưng lại được cất nhắc lên vị trí cao. Do trình độ kém (vì không làm việc nhiều) nên sẽ luôn tỏ ra trịch thượng để che dấu khuyết điểm, hãy cẩn thận khi làm việc với họ (vì rất có thể bạn sẽ bị đâm sau lưng nếu bạn làm được việc).
Phần lớn sẽ không phải OT. Tuỳ vị trí, tuỳ task, tuỳ thời điểm sẽ phải OT hoặc không. Sẽ không có tiền OT, nhưng có thể sẽ có bonus.",,,,
SA-196,"Môi trường làm việc cứng nhắc, sếp coi thường nhân viên . Vị trí văn phòng khá đẹp.
Học được mô hình CMMI, quy trình chặt chẽ nhưng có lẽ đã lỗi thời. . Máy tính PC chạy chậm, mạng yếu.
Sếp xem thường nhân viên. Mình làm ở nhánh EMB.
Mô hình develop vẫn dùng Waterfall, V-model. Ứng dụng Agile rất ít.
Giao tiếp English rất ít. Chủ yếu là qua email.
Làm việc với Nhật nên phải nhờ có thông dịch viên rất bất tiện.
Giao việc nhiều phải tự OT. Ngày nào team cũng làm hơn 8 tiếng nhưng được trả OT rất ít.",,,,
SA-197,"Môi trường không tốt, sếp không open mind . Văn phòng ok, có chỗ giữ xe, có xe đưa đón,ăn trưa khá sạch sẽ . Làm OT không được trả lương, quyền lợi không rõ ràng",,,,
SA-198,"Môi trường xịn . - Văn phòng đẹp, hơi chật.
- Vừa hợp nhất với Accenture nên vào sẽ đc cấp lap xịn.
- Cty multiculture tha hồ cho bạn luyện TA.
- Sếp thân thiện, cho nhiều task để học tập và hướng dẫn tận tình.
Chưa từng OT từ khi bắt đầu làm nên k ý kiến về vấn đề này . - Cần cải thiện các phúc lợi và chính sách cho Intern và Fresher.",,,,
SA-199,"Giờ giấc thoải mái . Giờ giấc thoải mái, thích ra vào lúc nào cũng được. Lương tạm ổn.
Công ti không có chế độ OT. Thông thường thì khối lượng công việc cũng không nhiều để phải OT, nhưng nếu OT thì không có lương. . Công việc không có nhiều tính thử thách lắm, khó cải thiện trình độ bản thân.",,,,
SA-200,"Chủ yếu phù hợp với các bạn trẻ mới ra trường . Phù hợp với người trẻ để học hỏi và tích lũy kinh nghiệm vì môi trường lớn với nhiều dự án. Phúc lợi cũng ok, mọi người vui vẻ, thân thiện . Quá nhiều ràng buộc, quy trình, lương không cao, có những dự án áp lực và OT nhiều.",,,,
SA-201,"Quy trình kém . May mắn teammate còn ok. Managers đổ lên thì thuaa. . Quy trình lằng nhằng phức tạp, phòng ban nhiều và không hiệu quả. IT policy công ty lâu năm mà tưởng mới lập 🤡 làm ảnh hưởng đến công việc nhiều.
Công ty outsourcing logwork rất khó nhưng cứ bày ra nhiều event mà không guide logwork.
OT chuyển thành ngày nghỉ. OT 4 tiếng buổi tối nghỉ 4 tiếng buổi sáng 🙃·",,,,
SA-202,"Làm nguyên 1 năm ko tăng 1 đồng xu lương . đồng nghiệp tuyệt vời, dễ thương, văn phòng xinh đẹp, gần nhà, đồ ăn vắt free
nơi bắt nguồn cho những ước mơ lớn trong cuộc đời của mình . Chế độ nhân viên về lương bổng, làm việc từ xa thay vì bắt buộc lên vp mỗi ngày",,,,
SA-203,"Môi trường ổn nhưng OT nhiều, thích hợp cho mấy bạn mới ra trường. . Không gian làm việc ổn.
Miền project rộng thích hợp cho mấy bạn mới ra trường kiếm kinh nghiệm. . Lương thấp hơn mặt bằng chung.
Mấy sếp toàn bánh vẽ
Thường bị bắt OT vào buổi tối và thứ 7, chủ nhật nhưng không được log OT.",,,,
SA-204,"Chế độ ổn định, thích hợp gắn bó lâu dài . Dự án khá hay, đáng trải nghiệm, công ty vị trí nằm ở trung tâm nên dễ di chuyển tuy nhiên chưa có bãi gửi xe riêng cho nhân viên nên ngày mưa hơi bất tiện
Hầu như không có OT và leader cũng khuyển khích không nên OT. . Thời gian làm việc nên linh hoạt hơn, nên có nhiều happy hour hơn",,,,
SA-205,"Phù hợp với Fresher . - môi trường thoải mái
- dễ chuyển dự án
- có cơ hội tiếp xúc nhiều công nghệ . - lương không cao
- trình độ nhân sự nói chung là thấp
- thăng tiến dựa nhiều vào quan hệ
Ot k đc trả đầy đủ
Nhiều dự án . OT triền miên . bao nhíu ky tu r nhi.",,,,
SA-206,"luong beo bot . moi thu deu thich, tru benefit, moi truong rat goodd
it ot . luong beo bot, tang luong cham
ot nhieu, tra it, ot ko co che do gi support",,,,
SA-207,"Tốt cho các bạn mới ra trường. . Nếu nói về outsourcing thì tốt nhất Việt Nam, trên cả Fsoft. . Nhiều quy trình không hữu ích, nặng về hình thức, tạo nên công việc vô ích. Chẳng hạn perfomance review.",,,,
SA-208,"Môi trường làm việc tốt . F Ville, F Ville 2, F Town... văn phòng làm việc, cơ sở vật chất rất tốt
Nhiều đồng nghiệp vui vẻ thân thiện
Z79 có nhiều teamlead trẻ, xông xáo và tài năng
Nhiều Tester, QA
Nhiều cơ hội học hỏi, thi chứng chỉ quốc tế . Quy trình làm việc đôi khi quá phức tạp mà chưa hiệu quả
Chế độ đãi ngộ dành cho các dev 1 dev 2 quá thấp
Có ngày nghỉ phép, nghỉ ốm mà bị ép xin nghỉ bằng nghỉ bù OT
OT không được nhận full lương mà phải quy ra ngày nghỉ bù OT. Sau đó nếu xin nghỉ phép thì sẽ không được mà phải nghỉ bù OT",,,,
SA-209,"Not a Good benefit . Nice training course
Nice colleagues
Good computer with 2 HD screens . Low salary (Salary increase every year is low) than other IT company in HCM
OT almost everyday
OT until 10 PM and almost everyday, Cross Dai Phuc tower and see the third floor always light up even it 10 PM.",,,,
SA-210,"Nab provides good gadgets to support me in my job. . Benefits and good Colleagues
International working environment
Clear policy and process.
Payment on time.
Accuracy calculation.
Quick supports. . There are a lot of changes in Nab that I have to adapt with, but sometimes the policy are not presented and even Manager cannot provide the reason for change.",,,,
SA-211,"Quy trình phỏng vấn rườm rà và thiếu chuyên nghiệp . Văn phòng đẹp
Phúc lợi đủ
Môi trưởng trẻ trung, năng động . Rút ngắn vòng pv lại, pv thì làm ơn đúng giờ và hỏi đúng trọng tâm. Trải nghiệm là bị ngồi đợi 20', cầm laptop chạy lung tung. Dù là pv tại nhà nhưng mong là HR cũng quản lý được thời gian pv và không gian pv chuyên nghiệp hơn.
Quy trình phỏng vấn rườm rà và thiếu chuyên nghiệp",,,,
SA-212,"Công việc ổn định, nhưng phải làm nhiều việc không theo lĩnh vực mình muốn, . Sự ổn định. Không lo thiếu việc để làm và không sợ thất nghiệp.
Đồng nghiệp vui vẻ, thân thiện
Phù hợp với những bạn nào tay nghề cứng rồi đi làm thích hợp. Mấy bạn mới ra trường nên chọn công ty nhỏ để tập trung vào công nghệ và hiểu được quy trình làm phần mềm hơn, không nên chọn Fsoft vì không có kỹ năng thì phải làm nhiều loại việc khác nhau nên sẽ khó build kỹ năng. . Văn phòng làm việc ồn: Nhiều team ngồi chung trong 1 khoang nên rất ồn, khó tập trung làm việc năng suất cao
Quá nhiều khóa học bắt buộc nhân viên phải học, nếu không học có thể bị trừ lương thưởng. Một số khóa học rất hay, bổ ích; số còn lại gây phiền toái rất lớn
Công ty thường đưa ra nhiều quy định gây phiền hà, bức xúc cho nhân viên. Chẳng hạn như bắt toàn bộ nhân viên cài myFPT, trả tiền hỗ trợ bằng gold (gold chỉ xài trên app Utop, không thể đổi thành cash nếu không đến kỳ công ty mở chức năng cash out)
Tiền lương hơi thấp. Lương thực nhận sẽ = lương cơ bản + thưởng dự án. Tiền thưởng dự án này công ty tính toán rất chi ly, công thức khó hiểu, cảm giác công ty rất tính toán với nhân viên.
Lúc trước khi vào nghe nói giờ giấc Fsoft khá thoải mái. Nhưng bây giờ khác rồi, chặt chẽ như nhà nước luôn, đi trễ bị trừ 20k, buổi sáng/chiều không ở trong khoang dưới 2h tính nghỉ nửa buổi.
Quá xa trung tâm thành phố nên khi OT rất khó khăn",,,,
SA-213,"Môi trường làm việc thân thiện và hòa đồng, dự án không có Technical Lead . Giờ giấc thoải mái, tự do sắp xếp công việc. Nhiều chính sách phúc lợi cho nhân viên.
Ít OT, khi OT sẽ được thanh toán đầy đủ theo chính sách công ty . Họp và báo cáo mất khá nhiều thời gian. Áp dụng mô hình Scrum nhưng chưa tối ưu",,,,
SA-214,"Môi trường tốt cho sinh viên tốt nghiệp, không thích hợp làm việc lâu dài . - Môi trường tốt để học tập cho sinh viên mới tốt nghiệp
- Dự án đa dạng nên dễ học nhiều ngôn ngữ lập trình mới . - Lương đầu vào và mức tăng trưởng thấp
- Công ty thu hút nhân lực vì phúc lợi tốt, nhưng trong vài năm gần đây liên tục cắt giảm phúc lợi khiến nhiều người ra đi
- Dự án thường phải OT nhiều, tiền thưởng và tiền OT không được tính rõ ràng",,,,
SA-215,"Được đi onsite nhiều, trải nghiệm nhiều lĩnh vực . Bên này nhiều campaign kết hợp, mình vào làm đi onsite suốt. Lĩnh vực nào cũng có, đâm ra làm xong mỗi campaign là bản thân cũng có network cho riêng mình
Nhiều cơ hội làm việc với các khách hàng lớn, chỉ cần mình chăm chỉ biết nắm bắt cơ hội
Campus đẹp, view ngon, đồ ăn không phải xuất sắc nhưng cái gì cũng có. Tiết kiệm thời gian tiền bạc
Mật độ OT cân bằng, dự án nào cần OT đều được PM báo trước. Lương OT ổn . Nhiều người kêu về OT, còn mình thì không phải OT nhiều nên miễn bình luận. Được cái lương lương thưởng dự án ngon, phúc lợi ổn. Trước mắt thì mình muốn làm việc lâu dài",,,,
SA-216,"Môi trường thoải mái nhưng lương thấp . Môi trường làm việc thoải mái. Có nhiều hoạt động teambuilding. Đồng nghiệp thân thiện, cởi mở . Lương thấp
Hay phải OT
Hay phải chuyển dự án
Sinh viên mới ra trường thường được giao các công việc đơn giản nên không học hỏi được nhiều
Hay phải OT do công việc thường dồn vào cuối sprint",,,,
SA-217,"Do not join if you want to improve . Friendly and helpful colleagues. The atmosphere in the past was very good.
Micromanagement, no benefit, no voice matter. You will be screenshots if upper level wants not because your performance good or not. . Nothing because it is already unable to be improved",,,,
SA-218,"Phù hợp người cần kinh nghiệm . Văn phòng đẹp thoải mái, sân đá banh, có nhà ăn uống, đồng nghiệp vui vẻ hòa đồng . Văn phòng xa trung tâm, estimation chưa chuẩn dẫn đến OT
Không có tiền OT, sếp ép deadline nên tự động OT để kịp",,,,
SA-219,"Có mặt tốt và xấu, ở mức trung bình so với bình quân các công ty IT . - Đồng nghiệp thân thiện, giúp đỡ nhiệt tình mà thật sự là điều dễ gặp ở các công ty.
- Làm nhiều sẽ học được nhiều.
- Văn hóa tự giác trong công việc là mặt tốt, nhưng không phải là tự giác một cách mù quán không mục tiêu.
- Recommend cho những bạn mới ra trường chưa biết gì ăn hành tốt. . - Lead quản lý member kém, chỉ tập trung vào những member lâu năm, thiếu chỉ dẫn người mới
- Công ty outsource, nhưng tầm nhìn chỉ giới hạn ở outsource không chỉ nhân viên mà tới ban giám đốc
- Laptop cũ bẩn hư nút, balo thì tự kiếm ở đống rác cty.
- Ghế cũ lòi đệm sắt, ngồi rất đau lưng và đau mông.
- Văn phòng nóng nhỏ kín hôi cộng thêm mùi thức ăn.
- Giám đốc nói đạo lý quá nhiều nhưng thực tế đợt dịch công ty sa thải nhân sự nhưng lấy cớ mù mờ làm việc không tốt để khỏi đền bù lương, sau này còn bắt ký thêm đơn xin thôi việc (mình cũng không cần mấy đồng bạc đó nên không thèm tranh cãi) :D
- Không recommend cho những người đã có kinh nghiệm làm việc ở những môi trường tốt.
- OT không lương nhưng phải biết tự giác OT, không thì khả năng bị sa thải cao.",,,,
SA-220,"Tốt cho fresher . - Giữ xe miễn phí, tập tạ miễn phí, ngủ qua đêm thoải mái, có chỗ tắm luôn.
- Hầu hết sếp mình gặp đều tốt.
- Học hỏi được nhiều từ quy trình làm việc.
- Có lương tháng 13 và nếu làm việc siêu hiệu quả thì lương tháng 14 hoặc hơn cũng có thể nhé (thông qua điểm hoàn thành công việc) . - Nếu làm khách hàng Nhật thì có thể tài liệu rất chi tiết nên tốn nhiều thời gian viết, ít thời gian code lại.
- Ăn trưa mất tiền (suất ăn hỗ trợ đầu năm 2019 là 17,000) tại nhân viên nhiều quá, miễn phí không nổi.
- Việc nhiều mà lương khá thấp cho Fresher, lại tăng chậm theo bậc lương nên hơi nản.
- Dự án mình làm thì ít được hướng dẫn cụ thể, chủ yếu đề cao tinh thần tự học nhưng đôi khi lại làm chậm tiến độ không cần thiết.
Chỉ khi làm thứ 7, CN mới tính là OT để trả lương. Còn ngày thường thì khó được thông qua lắm.",,,,
SA-221,"Công ty tốt . - đồng nghiệp tốt
- sếp tốt
- công việc cũng khá tốt . free OT
free task
free bug
chỉ làm thêm vào full thứ 7 và CN chứ không làm nhiều",,,,
SA-222,"Chế độ không tốt . Có nhà trẻ, bể bơi, sân bóng. Nhiều hoạt động tập thể. Đồng nghiệp thân thiện . PM khó tính, may thì vào dự án ngon. Ko thì cũng lận đận
Quản lý không quan tâm đời sống nhân viên
Đánh giá mang nhiều cảm tính, ko dựa trên công việc cụ thể đã làm
Không trả tiền OT, thay bằng ngày nghỉ, cắt suất ăn OT",,,,
SA-223,"Môi trường làm việc tốt, văn hóa công ty năng động. Thân thiện xuất sắc nha. . Không khí văn phòng thoải mái, cơ sở vật chất tiện ghi, HR năng nổ, team members thì dễ chịu nha
Thực ra mình chưa từng OT nhưng nghe nói có lương OT ok á :)) . maybe là có thêm nhiều event gather mọi ng lại hơn",,,,
SA-224,"Tinh thần startup, chế độ thì ""lâu năm"" . Nhân viên ăn mặc lịch sự và đẹp. Pantry đẹp. Thử việc hưởng 100% lương. . Công ty thì hở tí là đòi cắt thưởng nhân viên (đó là nếu có thưởng), đến việc nhân viên dùng ngày phép của họ quá 3 ngày trở lên cũng trừ thưởng. Không cam kết tháng 13. Luôn muốn nhân viên làm việc với tinh thần startup nhưng chế độ phúc lợi thì lỗi thời.
Nhân viên thì đấu đá chính trị rõ ràng, môi trường không lành mạnh.
Công ty đi trễ thì đòi trừ thưởng này nọ, còn làm thêm giờ thì không có khen thưởng hay gì cả đâu.",,,,
SA-225,"Môi trường làm việc tốt, hòa đồng . Văn phòng rộng rãi, đẹp. Sếp, nhân viên hòa đồng. . Pj H****** OT sấp mặt, OT rất nhiều, thâu đêm suốt sáng
Lương bèo.
OT hơn 4 tiếng mới được tính lương
Dự án của H****** OT rất nhiều",,,,
SA-226,"Trẻ trung và năng động và nhiệt huyết . Nhân viên trẻ mới ra trường, năng động và nhiệt huyết. Các MP đều trẻ và từ dev đi lên, nên dễ trao đổi với nhân viên.
Cty rất đa dạng về vùng miền như Thanh Hóa, Nghệ An, Hà Tỉnh, sau giờ làm việc hay giờ ăn trưa thường kể về quê của nhau. Cơ hội để hiểu hơn về nét đẹp văn hóa Việt Nam.
OT không có chế độ cụ thể rõ ràng. Cty cần cải thiện vấn đề này thêm. . Hiện tại công ty chỉ có check-in chưa có check-out, kèm với giờ làm việc chưa linh động. Nghị định 168 về giao thông ảnh hưởng rất lớn đến giao thông và đi làm của nhân viên. Nhiều khi tôi vào delay 15 phút và OT thêm 30p cũng bị trừ 0.5 ngày phép. Có báo cáo lại lý do là tuyến giữa trường con tôi và cty khá ùn tắc những cũng không được duyệt. Tôi gợi ý là nên có thêm check-out, và working hours trên 8h/day và 40h/week là không bị trừ ngày phép.",,,,
SA-227,"Công ty rất tốt . Môi trường năng động, vui vẻ
Có nhiều cơ hội để phát triển
Tuy phải đăng ký OT sớm nhưng chính sách OT tốt và đảm bảo công bằng . Đi làm thứ 7
Đôi khi scope dự án không được rõ ràng",,,,
SA-228,"môi trường làm việc ok . môi trường làm việc ok. đồng nghiệp thân thiện. công ty thỉnh thoảng có những course training cho nhân viên . OT không có lương. và trả 50% cho ngày nghỉ bù, 50% cho lương
OT thứ 7 được nửa ngày lương. lương nhìn chung vẫn còn thấp so với mặt bằng chung ngoài thị trường",,,,
SA-229,"Chưa có nơi làm việc nào mà tôi sợ ""lòng người"" đến như vậy . Văn phòng rộng, nhiều cơ sở, 1 cơ sở 1A, 1 cơ sở 1B, trên cùng 1 con phố thơ mộng,
Tôi chưa phải OT nhiều, nhưng mỗi lần OT thì tôi đều không được tính lương . Công ty cần giúp tôi có thể học hỏi được nhiều hơn, tôi mệt quá rồi.
Tôi k phải OT nhiều nên thôi, tạm cho hài lòng",,,,
SA-230,"Môi trường làm việc tương đối tốt. Đồng nghiệp thân thiện, vui vẻ, nhiệt tình. . Môi trường chuyên nghiệp, có các khóa training bổ ích cho các nhân viên mới, cũng như các khóa trainning để update các công nghệ mới hiện nay cho nhân viên. Manager quan tâm, giúp đỡ các bạn trong line. Harvey Nash không chỉ quan tâm đến nhân viên, mà còn quan tâm đến người thân của nhân viên. Harvey Nash đem lại những giá trị mà công ty đã cam kết đối với nhân viên của mình. . Các Developer trong công ty ít có cơ hội giao tiếp tiếng anh, vẫn còn một số cứng nhắc trong áp dụng quy trình váo các dự án.",,,,
SA-231,Môi trường làm việc chuyên nghiệp . Có không gian thoải mái để làm việc. Người làm việc nhiệt tình và chương trình đào tạo hay . NHân viên hay làm việc over time. Xa so với nhiều người,,,,
SA-232,"best work culture . Luxoft has a great work culture, and the management is supportive of its employees. They provide ample opportunities for personal and professional growth.
The company offers a good work-life balance, and employees have flexible working hours. They also provide remote work options, which is great for people who prefer to work from home.
Luxoft has a diverse team of talented professionals who work collaboratively to deliver high-quality services to clients. The company fosters a culture of inclusivity and promotes diversity.
The compensation and benefits packages offered by Luxoft are competitive and comprehensive. They also provide ample opportunities for bonuses and incentives.
ample opportunities for bonuses and incentives. Great work culture . The company fosters a culture of inclusivity and promotes diversity.",,,,
SA-233,"Tạm ổn cho sv mới ra trường . Thời gian linh hoạt, có thể chủ động sắp xếp thời gian . OT thường xuyên nhưng không có tiền phụ cấp
Công ty chưa có chính sách tốt để giữ nhân viên
Không có chế độ gì cho OT
Không có chế độ thưởng dự án (ngoài tháng 13)",,,,
SA-234,"Môi trường làm việc rất chuyên nghiệp . Môi trường làm việc tốt chuyên nghiệp, đồng nghiệp rất thân thiện,... . Chế độ đãi ngộ của công ty chưa tốt lắm. Nhưng cách làm việc thì rất là chuyên nghiệp.",,,,
SA-235,"Nhân viên dễ thương, thân thiện, hòa đồng, lên lương đều đều . - Chế độ lương thưởng rõ ràng
- Gần nhà
- Không bị ảnh hưởng của dịch
- Môi trường tốt, nhân viên thân thiện, support nhau
- Công ty luôn tạo điều kiện tốt để nhân viên phát triển . - Chưa có vấn đề gì cần cải thiện.
- Mở rộng thêm văn phòng để có thêm nhiều gương mặt mới.",,,,
SA-236,"Môi trường làm việc ok . Đồng nghiệp vui vẻ, công việc có thể học hỏi nhiều cho người mới nếu chăm chỉ
OT tạm được do đặc thù công việc, tuy nhiên cần xem xét từng phòng ban . cần có hoạt động gắn kết team, các giải cho từng trung tâm. Anh em hướng nội có thể thích điều này",,,,
SA-237,"Môi trường bình thường, thu nhập bình thường . Môi trường trẻ, thoải mái
Mọi người hoà đồng
Thiết bị khá hiện đại . OT nhiều
Bị cắt Khám sức khoẻ cho nhân viên
Cần tăng lương nhiều hơn
Không trả đầy đủ hoặc chỉ trả một phần. Chỉ được tính OT sau 7h",,,,
SA-238,"Review từ Người Cũ Từng Quen :D . - Văn phòng ok
- Pantry ok
- Company trip rất ok
- Lương tạm ổn
- Công ty thường order trà chiều khi có dự án mới
Không OT, nên cũng không có vấn đề gì để đánh giá. . - Nhân viên không có tiếng nói, Cấp quản lý chỉ quan tâm team lead dẫn đến quan liêu
- Không có hoạt động training kiến thức cho nhân viên mới
- Tinh thần support lẫn nhau tùy từng cá nhân [rất có thể bạn sẽ rơi vào 1 team rất rất mean-minded í]
- Kỹ năng quản lý của các manager yếu
- Văn phòng ở tầng cao quá",,,,
SA-239,"Team OCEAN SMART rất tệ - lead không tốt . Không có điểm nào thích cả. Lúc đầu nghĩ anh quản lý tổ chức là tốt. Khi rời đi một thời gian mới biết anh đó là trùm cuối.
Công ty rất nhiều DRAMA, TOXIC, môi trường làm việc thì bè phái, chèn ép, cạnh tranh, nói xấu lẫn nhau. . Có thể nào thay luôn giám đốc công ty, quản lý, và leader không vậy.",,,,
SA-240,"Môi trường làm việc khá . -Văn phòng đẹp, sạch sẽ
-Nhiều nhân viên giỏi để học hỏi
-Phù hợp với những bạn mới ra trường . -Lương thấp
-OT nhiều với những dự án của Japan
-Phúc lợi ngày càng cắt giảm
-Hiếm có sếp đứng về phía nhân viên
-Một số nhân viên 'khó mà làm việc team' được
-Khó giữ được những nhân viên giỏi dài lâu",,,,
SA-241,"Công ti chăn gà . Có cafe và hộp sữa đặc để bên ngoài.
Thời gian làm việc linh hoạt. Quy định 8g30 làm việc nhưng 8g50 vào phòng không thấy ai.
Công ti lùa gà. Hay tổ chức tham quan cho SV ĐH tư thục
Mỗi tháng có ăn nhẹ 1 buổi để phát quà sinh nhật . + Lương:
Thực tập dev: lương 1 tr/tháng (nhưng thấy lead còn kêu ráng ở lại làm cho hết task). thực tập 2 tháng xong. Thử việc tiếp 2 tháng.
Cti hỗ trợ đóng trên lương cơ bản 4tr2. Hỗ trợ ăn 200k để đóng thuế TNCN
Lương đc trả trước ngày cuối tháng 1 ngày.
Không có lương OT. OT tối tự ăn uống
Có nhiều bậc Title để làm màu: Software Engineer 1 (Fresher),2 (Junior),3 (Semi-Senior), Senior Software Engineer 1,2,3
Hoa hồng khi giới thiệu thấp
Giới thiệu member từ Senior SE 1 trở lên mới được hoa hồng. Có thể cti ép xuống SE3 để không chi hoa hồng (500$)
+ Môi trường:
Nhân viên vui vẻ thân thiện thì công ty nào cũng vậy thì ko cần phải bàn tới
Nhưng là 1 team chung 1 phòng làm được vài tháng rồi nhưng vẫn còn 1 số người ko biết mặt vì ko giao tiếp được. Do group chat tổng Team không được add vào.
CSVC: Kém
Internet bị giới hạn. Ko quá 2.5mbps => Lãng phí
Ghế ngồi gây mỏi lưng, màn hình cho dev quá nhỏ.
Đi bộ 5' để gởi xe được chỗ mát. 3' cho chỗ nắng
_ 100% sẽ và đang sử dụng công nghệ cũ. Vì các senior ít cập nhật kiến thức mới
Hiện tại đang làm vì tiền và chắc chắn sẽ nghỉ khi có điều kiện
Thích thì mình về thôi. Nhưng sẽ có những sự đánh giá từ leader",,,,
SA-242,"Công ty lớn nhưng môi trường rất thiếu chuyên nghiệp . - Đường tới công ty đẹp.
- Công ty có tiếng là công ty lớn, dễ khoe với ông bà lớn tuổi.
- Được làm nhiều, không bao giờ hết việc để làm.
- Được rèn luyện khả năng thích ứng, vì sếp thích là giao task và đổi requirement.
- Được rèn luyện khả năng nhẫn nhịn, vì sếp chỉ quan tâm deadline. . - Về văn hóa công ty:
+ Bào, bào đến khi vắt kiệt hết sức của nhân viên mới thôi.
+ Chỉ quan tâm deadline.
+ Lúc cần thì hối thúc nhân viên, khi không cần thì không thèm trả lời một câu, rất thiếu chuyên nghiệp.
+ Quan niệm: lợi ích công ty và sếp là trên hết.
+ Quan niệm: tiền rất quan trọng, hơn nhân viên.
+ Tính toán rất chi li trong tiền bạc, không sót một đồng kể cả tiền gửi xe cho nhân viên.
+ Gò bó, ép buộc phải làm tối thiểu 8 tiếng/ngày.
- Về môi trường làm việc:
+ Luôn trong trạng thái căng thẳng vì hối thúc deadline.
- Về code và cách làm việc:
+ Không bao giờ hết việc để làm.
+ Task bất chợt, thay đổi requirement rất thường xuyên.
+ Không quan tâm chất lượng code, chỉ quan tâm khi nào xong kịp tiến độ.
+ Nếu có bug thì nhân viên tự bỏ tiền đền.
+ Quy trình rất kém, cực kỳ thiếu chuyên nghiệp, cứ như không có một technical lead để đề ra giải pháp cải thiện quy trình quản lý code và làm việc đạt năng suất cao hơn.
- Không có lương.
- Bị bắt buộc OT khi công ty cần.
- Không tạo điều kiện thoải mái để OT.",,,,
SA-243,"Giờ giấc làm việc linh hoạt . Giờ giấc linh hoạt thoải mái, công việc có quy trình rõ ràng để cho người mới dễ nắm bắt và tiếp thu . Công việc không có nhiều sự thích thú để học hỏi và phát triển bản thân.
nhiều việc thì vẫn phải thường xuyên OT tuy nhiên không có lương",,,,
SA-244,"Lương cao , môi trường làm việc ổn . Bãi đậu xe rộng rãi , cấp macbook để làm việc , chỗ làm việc tốt . tuyển nữ cho phòng HR đi chứ toàn con trai không chán quá",,,,
SA-245,"Môi trường không rõ ràng, không tốt để phát triển . Lương tương đối cao so với mặt bằng chung
Du lịch nước ngoài . Hãy deal lương thật cao vì sát xuất tăng lương cực thấp. Không review performance và review lương.
Legacy code. Tech rất cũ. Hoàn toàn ko có dự định upgrade.
Ko có career path cho nhân viên.
Nên cho WFH/ Hybrid
OT ""tự nguyện"" nhờ track time chi ly chớ ko thấy chế độ OT gì",,,,
SA-246,"Môi trường làm việc năng động . + Văn phòng thoáng, rộng
+ Đồng nghiệp: Nice, nhiệt tình giúp đỡ mọi lúc, chia sẻ nhiều kinh nghiệm làm việc
+ Chỗ ăn trưa: Có view đẹp nhìn ra Hồ Tây
+ Góc đọc sách: nhiều sách hay
Vì mình chưa làm OT bao giờ nên cũng không biết nói sao . Vì vừa vào công ty nên mình chưa thấy có điều gì cần cải thiện.",,,,
SA-247,"Mọi thứ đều tốt, trừ lương thưởng . Môi trường trẻ trung
Cơ hội tiếp xúc nhiều công nghệ mới
Cơ hội học hỏi nhiều, về việc được training và có người giỏi để học hỏi
Môi trường làm việc thoải mái, không bó buộc giờ giấc, miễn sao xong việc, sếp hòa đồng với nhân viên
Có xe bus đưa rước thoải mái
Công ty đẹp, nhiều hot girl
Nhiều hoạt động
Có sân bóng đá, bóng rổ, bóng chuyền, phòng gym . OT nhiều, thường không được trả hoặc trả ít so với thời gian OT thực
Lương thưởng, phúc lợi thấp
OT nhiều, thường không được trả hoặc trả ít so với thời gian OT thực.",,,,
SA-248,"Môi trường tốt, Sếp tốt . Môi trường tốt để học tập và phát triển bản thân, Lương thưởng rõ ràng . Nhân sự hơi khó khăn, làm product nên hơi áp lực doanh thu",,,,
SA-249,Thiếu traning cho người mới . Văn phòng ổn. HR và các đồng nghiệp hướng dẫn và tiếp đón tận tình khi đi onsite . Nếu là người mới nhưng không vào đúng đợt hằng năm thì sẽ không có traning gì hết.,,,,
SA-250,"Môi trường làm việc rất tốt, sếp và đồng nghiệp vui vẻ thân thiệna . Không gian và thời gian làm việc thoải mái. Đồng nghiệp và sếp thân thiện, hỗ trợ rất tốt.
Ok rất thoải mái, nhưng ít khi đi ot (cái này tùy team). Chính sách đãi ngộ ot rất ok . Chất lượng internet chưa được tốt và ổn định, kết nối hơi rườm rà",,,,
SA-251,"Lương đầu vào thấp, văn Phòng đẹp, Ít OT, tăng lương tạm . Văn phòng đẹp, ít OT, tăng lương tạm. Trong cty có nhiều hoạt động liên quan tới inovation . Đầu vô lương thấp, HR sẽ giảm lương của bạn(dev khác domain nhúng) . Điều đó không làm nhân viên gắn bó lâu dày.Chính sách công ty không nhắm tới nhân viên mà vì lợi nhuận (đó là ý kiến của mình)
OT không lương. Chuyên này là bình thường, bạn sẽ nhân được phiếu ăn khoảng 30k(not sure < 50k)",,,,
SA-252,"Sếp thân thiện và quan tâm nhân viên . Thường xuyên có các buổi chia sẽ kiến thức về kỹ thuật,
Văn phòng rộng và thoải mái
chính sách OT rất công bằng và theo luật . Quy trình hơi lằng nhằng. nhiều thủ tục để thực hiện hết một yêu cầu đơn giản",,,,
SA-253,"Not as good as i thought . Văn phòng rộng, giờ làm việc linh hoạt, có môi trường học tập tiếng anh do tiếp xúc với nhân viên người Ấn.
OT? Hình như không có OT. Không thấy nói gì về OT hết . Công ty đào tạo 6 tháng, 3 tháng thực tập cty giao rất ít task, các bạn fresher muốn tới đây học hỏi kinh nghiệm nên suy nghĩ lại.
Mới vô hứa đào tạo xong sẽ lên làm nhân viên chính thức nhưng tới lúc thực tập thì mới báo là chỉ những ai có bằng tốt nghiệp mới lên chính thức, xong cho nghỉ luôn vì kinh tế khó khăn. Hứa nhân viên nhiều thứ, không cái nào thành hiện thực",,,,
SA-254,"Hợp với các bạn thích chủ động . Hợp với các bạn có tính chủ động, nhiều khóa training và event cho nhân viên.
OT sẽ có trả lương nếu do khách hàng yêu cầu cần làm gấp . Tùy dự án mà có dự án thì nhàn, có dự án thì sẽ phải OT nhiều không có thời gian để tham gia training thêm",,,,
SA-255,"Lương bị giới hạn, khó có cơ hội tăng . Văn phòng đẹp, sạch sẽ thoải mái, môi trường năng động,
Vì nằm trung tâm q1 nên mọi checkin chảnh
Phù hợp với nhân viên mới ra trường . Note: Các đánh giá tốt toàn đc HR nhờ
+ Lương set theo range, cố định, nên đừng mong pv được như lương mong muốn.
+ Trong công ty có mấy ông leader hơi chảnh, có vẻ khinh khỉnh. (lúc pv vớ phải 1 ông nói chuyện kiểu hơi khệnh)
+ Ko có test đầu vào chuẩn, nên pv nhiều lúc hơi bị hỏi lan man, linh tinh. ko liên quan đến cv
+ Có 1 số quy trình, nhưng ko áp dụng hoàn thiện, ko chú trọng phát triển con người (ở đây ko có mentor pro)
+ Phù hợp hơn với nhân viên mới ra trường + fresher vào làm vài năm
+ Lên 1 level nhất định mà muốn lương cao hơn thì ở đây rất khó.
+ Mấy cái phúc lợi thì nên suy nghĩ (chắc khả năng công ty thuê Q1 đắt đỏ nên trả lương cùng bình thường thôi lấy cái này bù cái khác)
.... v.vv
Dự án product, thay đổi liên tục, đôi khi phải OT, nhưng ko được tính tiền",,,,
SA-256,"Đồng nghiệp vui vẻ, hòa đồng . Office mới đẹp, quy trình bài bản, nhiều dự án với nhiều techstack khác nhau.
chi phí OT đầy đủ, PM linh hoạt trong việc khai OT cho anh em . Cần fair hơn trong việc tăng lương cho nhân viên lâu năm.",,,,
SA-257,"Campus rộng, có xe bus đưa đón, có các khu thể thao xả stress . Campus xa trung tâm, nhưng bù lại khá thoáng đáng, gần gũi tự nhiên.đồ ăn không đến mức quá delicious nhưng được cái đầy đủ
Không biết chi nhánh khác thế nào chứ tại Hòa Lạc còn thêm cả các khu thể thao khá vui: bơi, gym, bóng bàn, bóng đá....
Được hỗ trợ xe bus đưa đón tận nơi khá hài lòng . Mất thời gian đi lại khá nhiều, sau dịch bus nên tăng cường độ các chuyến buổi sáng hơn",,,,
SA-258,"Nhiều dự án/ mô hình. Tuy nhiên, lương tương đối thấp và đấu đá quá nhiều. . Văn hóa công ty rất tốt. Văn phòng tương đối rộng rãi và có nhiều tiện ích xung quanh. . Môi trường fsoft chỉ dành cho fresher (rất tốt). Người có kinh nghiệm rất dễ chán do cách quản lý/làm việc không hiệu quả
Chính sách trả OT không công bằng. Thường OT nhiều và có trả bằng ngày phép (nhưng nghỉ không hết được hoặc không cho nghỉ).",,,,
SA-259,"Cty dành cho các bạn thích ổn định . Thời gian làm việc linh hoạt
môi trường thoải mái
văn phỏng ổn . Rất nhiều
- Lương quá bèo bọt dù bản thận đã làm ở đây 5 năm rồi
- Nêu làm lâu mà không tự cải thiện bản thân thì sẽ bị thui chột về kỹ năng lập trình
- Công việc không quá phức tạp, k đủ challenge để phát triển bản thân
- System quá lớn, khả năng để học hỏi và áp dụng cho bản thân gần như không có
OT không rõ ràng. và gần như chưa có chính sách này ngoài trừ nằm 2018 thì bắt đầu đưa benefit này vào nhưng lại cần approval rất lằng nhằng",,,,
SA-260,"Lương thấp, công việc nhàm chán . Thời gian thoải mái. Mọi người vui vẻ hòa đồng. Phúc lợi khá rõ ràng. . Lương thấp, tăng lương cũng thấp. Công việc nhàm chán, không ổn định. Không có nhiều thứ để học hỏi. Việc nhiều, bonus ít.",,,,
SA-261,"Môi trường năng động, nhiều phúc lợi và teambuilding . Công ty luôn luôn trả lương đúng hạn hoặc sớm hơn (nếu như ngày lãnh lương rơi vào cuối tuần hoặc dịp lễ)
Văn phòng phải nói là cực lớn và thoáng kèm thêm công viên cây xanh rất là relax
Khỏi phải suy nghĩ trưa ăn gì, công ty có cơm trưa miễn phí
Tham gia bhxh full lương
Tài khoản học Udemy với LinkedIn miễn phí nữa, dev tụi mình hay lên Udemy học lắm
Một điều mình thích nữa là công ty có rất là nhiều hoạt động phúc lợi, nhận quà nhận voucher nhiều
Điều mình rất thích khi làm ở đây là công ty có trả tiền OT. Còn có hỗ trợ cơm tối khi OT nữa, nếu như về sau 7h30 thì sẽ có taxi hỗ trợ . Hiện tại mình rất happy với những điều mà công ty quan tâm, chỉ mong là có thể đa dạng hơn nhà cung cấp siêu thị để có nhiều lựa chọn",,,,
SA-262,"Không phù hợp với những người thích cạnh tranh, thử thách và thay đổi . - Được tiếp xúc với đa dạng nền văn hóa làm việc từ Nhật, Trung Quốc, Ấn Độ và một số nước châu Âu.
- Đồng nghiệp thân thiện.
- Có rất nhiều nguồn tài liệu để self learning. . - Công việc nhàm chán, lặp đi lặp lại quá nhiều.
- Sử dụng công nghệ cũ và tách biệt với thế giới. Sẽ làm hạn chế khả năng của nhân viên khi ra bên ngoài tìm công việc mới.
- Có rất nhiều process tuy nhiên thực tế là chẳng ai làm theo process. Đặc điểm của dự án không thể áp dụng Agile/Scrum, chậm thay đổi và không chấp nhận thay đổi.
- Không phù hợp với những bạn thích môi trường cạnh tranh, thử thách.
Công ty chỉ trả OT nếu như có approval vào cuối tuần. Trong tuần k có chính sách OT và cũng không có phúc lợi cho các bạn OT",,,,
SA-263,"Công ty chính trị, HR có tuổi và quan liêu . Có vài nhân sự làm remote nhưng không rõ chế độ thế nào . Máy móc lỗi thời chạy chậm, công ty chính trị và quan liêu. Vắt chanh bỏ vỏ khi cần thì tuyển hết dự án thì tìm cách loại bỏ.
OT không trả tiền, được bù vào ngày nghỉ, lễ tết có thể đi làm nhưng chỉ bù bình thường",,,,
SA-264,"Nhân sự đi hết rồi, ko tăng lương, ko bonus . Từ khi bán cho Hitachi không có điều gì tốt cả, anh em không nên vào . OT không lương.
Không tăng lương nếu không lên level dù có đóng góp thế nào đi nữa.
Không có bonus do cty đang down mạnh, nhân sự leaving
OT ko lương, nếu có thì bị PM bớt sén, làm đến 3h sáng log 4h OT, bị bớt xuống 2h @@",,,,
SA-265,"Đại diện cho một góc nhìn khác . Văn phòng đẹp, nhiều benefit và chế độ đãi ngộ tốt. Có nói rõ lúc phỏng vấn nên bạn thấy hợp & sẵn sàng chấp nhận cuộc chơi thì vào chứ công ty cũng không phải đợi bạn vào làm rồi mới nói. . Công ty người ra vào thường xuyên dù benefit tốt để bạn hiểu công việc nó nặng nhọc, có nhiều vấn đề như thế nào. Phần lớn những review ở các trang review công ty khác đều đúng. Công ty cần cải thiện phần nhân sự, quản lý con người & quy trình phát triển sản phẩm, môi trường team lành mạnh hơn.
Làm việc tới tận 7h tối & thường xuyên phải về trễ hơn hoặc về nhà OT, thậm chí làm việc cuối tuần.",,,,
SA-266,"Môi trường rất tốt, sếp thì không . Giờ giấc thoải mái, gần như không bao giờ OT, mọi người thân thiện. Đặc biệt nhất là có chỗ ngủ nghỉ trưa và có suất ăn sáng cho người đến sớm :D
gần như không bao giờ có OT, mọi người chỉ làm đến đúng giờ là có thể về. . Sếp rất thực dụng, cho 40 nhân viên nghỉ việc ngay khi project lớn nhất kết thúc được 1 tuần, không báo trước làm nhân viên không kịp tìm viêc mới",,,,
SA-267,"Dành cho các bạn vừa ra trường hoặc những người muốn ổn định về già . Công ty đẹp, môi trường tốt, văn hóa tốt.
Nơi để học process, cách làm việc.
Nhiều time rãnh để làm thêm, học thêm cái mình muốn
Giờ giấc thoải mái
OT phải được approve, nếu sếp ok thì chỉ có thể deal internal. . Ít học hỏi được nhiều
Requirement same same nhau, hiếm được làm một số cái lạ
Đa số kiểm soát bới code generate tool nên trình khó lên
Lương tăng chậm, đánh giá chung chung.
Làm lâu dễ bị tụt hậu công nghệ.",,,,
SA-268,"Tốt cho người ra trường, lương thấp . Đồng nghiệp thân thiện, vui vẻ, giúp đỡ nhau trong công việc
Trả lương OT đầy đủ, có tiền vacation hàng năm, môi trường tốt cho fresher tích lũy kinh nghiệm . Cần tăng lương cho nhân viên
Có career path cụ thể
Review performance chính xác",,,,
SA-269,"phúc lợi tốt . Công ty thích hợp cho mấy bạn mới ra trường, cũng có OT nhưng không nhiều. Môi trường thân thiện
phúc lợi tốt, học được hỏi được nhiều điều. môi trường làm việc thân thiện . Nếu lương cao hơn nữa thì tốt, những người kinh nghiệm lâu năm cần được thêm phụ cấp",,,,
SA-270,"Các Sếp trong công ty hòa đồng với nhân viên . Các Sếp trong trung tâm nói riêng hay của công ty nói chung cũng hay chia sẻ cho nhân viên về các giá trị cốt lõi tốt, cũng đặt ưu tiên cho nhân viên trong công việc phù hợp
OT có chi trả theo thời gian thực OT và đăng ký chính xác với PO thời gian đó . Văn phòng hiện tại chật chội mong sớm được sang bên văn phòng mới",,,,
SA-271,"Công ty chuyên nghiệp, tuyệt vời . - Môi trường làm việc chuyên nghiệp
- Tiếp cận được quy trình phát triển chặt chẽ
- Có cơ hội phát triển hơn nữa khả năng của bản thân
- Học hỏi thêm nhiều kỹ năng mềm cũng như kiến thức mới
- Sếp và nhân viên vui vẻ.
- Phúc lợi cho nhân viên rất tốt (thưởng, company trip, party, picnic,...)
Chế độ OT vừa phải, không thường xuyên.
Hầu như không có OT. . Hiện tại chưa có, phát huy hơn nữa chất lượng các hoạt động của công ty.",,,,
SA-272,"Môi trường làm việc vui vẻ hoà đồng, giờ làm việc flexible, thoải mái . Môi trường thân thiệt, giờ làm việc thoải mái, sếp tạo điều kiện cho nhân viên
Chạy dự án thì phải OT kha khá, những sếp duyệt nhanh nên cũng yên tâm . Nhiều vấn đề về cơ sở vật chất mất hơi lâu để sử lý, ví dụ như tắc bồn rửa tay",,,,
SA-273,"Review của 1 cựu trưởng nhóm . - Môi trường tốt để rèn luyện sức chịu đựng bản thân, cả về sức chịu đựng stress lẫn áp lực trong công việc
- Đội truyền thông nội bộ làm tốt công tác truyền thông trong công ty, xây dựng dc concept chuyên nghiệp. Dễ lấy dc cảm tình của mọi người khi mới tiếp xúc với cty này . - Lãnh đạo ko care đến nhân viên, đừng nhìn vào thông tin tuyển dụng họ cung cấp mà bị đánh lừa. Bạn nào còn mơ tưởng đến 1 môi trường hoà đồng, sếp lắng nghe nhân viên như lời tuyển dụng họ lăng sê thì quên đi.
- Những đóng góp, góp ý của bạn sẽ không dc lắng nghe, đôi khi còn dẫn đến việc bạn bị cho nghỉ việc.
- 2 quý đầu năm là mùa tuyển dụng. 2 quý cuối năm là mùa thanh lọc, giảm bớt biên chế nhân viên để đỡ tiền thưởng tết (mặc dù thưởng tết cũng chả có dc như nv mong đợi. Mình làm dc 5 năm ở đó, thưởng tết chưa bao giờ dc bằng 1 tháng lương cả, thường là 1/2 hoặc 3/4 thôi)
- Vị trí bạn có thể ứng tuyển mà không bị ảnh hưởng nhiều: Kỹ thuật core hệ thống, thiết kế
- Vị trí nhiều áp lực, stress, hay biến động và khả năng out cao: CSKH, Dịch vụ, Sale
Những thông tin này mình đánh giá tại thời điểm cách đây hơn 1 năm, lúc mình rời công ty này. Mọi thông tin mình đánh giá là từ góc nhìn của mình và một số đồng nghiệp khác (cũng từng làm tại Sapo). Nên là nếu công ty này có phản ánh những đánh giá của mình ko đúng thì cũng ko sai, vì mình ko làm lãnh đạo cấp cao, không bao quát toàn cục dc công ty, nhiều thông tin mình ko nắm dc. Nhưng mình có góc nhìn của 1 nhân viên làm từ thấp lên cao trong 5 năm, và 1 số đồng nghiệp làm dc 7-8 năm tại công ty này. Mình làm kỹ thuật, ko phải sale nên nếu bạn nào nghĩ đây là bài review của 1 sale (có thể là làm ăn bố láo) bị công ty đuổi, lên đây đánh giá bừa thì có thể ko xem.
OT ở đây ngoại trừ vào chủ nhật thì trầy trật mới dc hỗ trợ 50k ăn trưa ra, còn bình thường chả có gì, dc coi là tinh thần cống hiến.",,,,
SA-274,"Không khuyến khích cho các bạn intern . Văn phòng okie, học hỏi được khá nhiều. Khi nhắc đến FPT, nhiều người sẽ nghĩ ngay đến một trong những tập đoàn công nghệ hàng đầu Việt Nam, với hàng loạt dự án và cơ hội phát triển sự nghiệp đáng mơ ước. . Đánh giá về FPT: Những sự thật về cách đối xử với intern và fresher
Thực tế bên trong không phải lúc nào cũng màu hồng, đặc biệt là đối với các bạn thực tập sinh (intern) và nhân viên mới (fresher). Rất nhiều trường hợp, những bạn trẻ đầy nhiệt huyết bước chân vào FPT với niềm tin và kỳ vọng lớn lao đã phải trải qua cảm giác thất vọng nặng nề.
Một trong những điểm đáng chú ý là cách công ty xử lý lực lượng thực tập sinh. FPT thường tổ chức các chương trình thực tập với lời hứa hẹn về cơ hội học hỏi, làm việc trong môi trường chuyên nghiệp và khả năng trở thành nhân viên chính thức sau khi kết thúc quá trình thực tập. Tuy nhiên, thực tế lại khác xa so với những lời quảng bá bóng bẩy đó. Nhiều bạn intern phải làm việc như một nhân viên chính thức, phải chịu áp lực về tiến độ và chất lượng công việc, nhưng không được trả lương xứng đáng hoặc nhận sự hỗ trợ đầy đủ. Họ tham gia vào các dự án, cống hiến công sức và thời gian, nhưng đến khi kết thúc kỳ thực tập, lời hứa về việc trở thành nhân viên chính thức thường bị ""trì hoãn"" hoặc hoàn toàn bị lãng quên.
Điều này không chỉ dừng lại ở các bạn thực tập sinh, mà còn kéo dài đến cả những nhân viên mới vào (fresher). Nhiều người chia sẻ rằng họ bước chân vào công ty với đầy niềm tự hào và hi vọng rằng mình sẽ học được nhiều điều, đóng góp giá trị và nhận lại sự công nhận xứng đáng. Tuy nhiên, sau một thời gian cống hiến, họ nhận ra rằng việc lên chính thức là một quá trình đầy mơ hồ. Công ty đưa ra hàng loạt lý do để trì hoãn việc ký hợp đồng chính thức, từ việc ""chưa đạt KPI"" đến ""chờ xem xét"". Điều này tạo ra một vòng luẩn quẩn của việc hứa hẹn và thất hứa, khiến nhiều bạn trẻ cảm thấy mình bị bóc lột công sức mà không được đền đáp.
Một số người từng làm việc tại FPT chia sẻ rằng công ty dường như chỉ coi intern và fresher như nguồn lực giá rẻ. Khi một người đã chứng minh được khả năng của mình, họ sẽ bị giữ lại trong trạng thái ""lửng lơ"" – làm việc chính thức nhưng không có chế độ phúc lợi tương ứng. Đây là cách mà công ty tận dụng để tiết kiệm chi phí nhân sự trong khi vẫn duy trì khối lượng công việc khổng lồ.
Những trải nghiệm này khiến nhiều bạn trẻ rời FPT với tâm trạng chán nản và cảm giác mình bị lợi dụng. Sự lặp lại của tình trạng này không chỉ gây tổn hại cho các cá nhân mà còn ảnh hưởng đến uy tín của công ty trong mắt cộng đồng tuyển dụng và các bạn sinh viên sắp tốt nghiệp.",,,,
SA-275,"Môi trường tốt cho các bạn mới đi làm . benefit khá ok, lương bh bình thường như nhân viên văn phòng
sếp thân thiện, công ty cung cấp thiết bị đầy đủ để làm . lương ở mức tb so với mặt bằng, đi làm 8h hơi sớm",,,,
SA-276,"Công ty ngày càng xuống cấp . Văn phòng ok, mới làm lại.
Giờ giấc thoải mái, làm xong việc thì cứ cf vô tư
Về sớm cũng đc miễn xong việc . Lương thấp, 1 năm tăng rất ít
Có sự đánh giá ko công bằng giữa các team, devs với nhau. Cày cật lực chưa chắc đc đánh giá tốt
Ko bảo vệ nhân viên, xu nịnh. Ko có plan rõ ràng cho từng nhân viên, đánh giá cảm tính.
Không rõ ràng về chính sách. Nhiều khi sếp kêu đi làm nhưng ko có 1 đồng ot",,,,
SA-277,"Sếp nice - lương nice . - Thoải mái làm việc không gò bó
- Sếp nice
- Đồng nghiệp nice
- Môi trường đáng học hỏi
Chính sách OT rõ ràng, minh bạch cuối tháng tiền OT được thanh toán đúng hẹn . - Thang máy đông đôi khi chờ khá lâu
- Không có gì cần cải thiện thêm",,,,
SA-278,"Beautiful office, good policies, generous year-end bonuses. . The colleagues are friendly, and there are plenty of opportunities for growth.
The overtime policy is good, with compensation provided in accordance with labor laws. . Offering more language training programs, especially in Korean.",,,,
SA-279,"môi trường tuyệt vời để học hỏi . môi trường tuyệt vời để học hỏi, đồng nghiệp thân thiện, sếp giỏi và luôn quan tâm nhân viên
không bắt buộc OT, OT sẽ có trả lương xứng đáng, ít khi OT . lương còn thấp so với mặt bằng chung, phần trăm tăng lương còn thấp",,,,
SA-280,"Cty ổn, dự án toxic . văn phòng đẹp, lương tháng 13 chia đều 12 tháng
Chỉ xảy ra cho 1 số bộ phận nên ko bình luận . * Dự án nên có hướng đi rõ ràng
* Nhân viên nên được xây dựng lộ trình học hỏi rõ ràng hơn và nên được đào tạo bài bản thay vì dùng một vài cá nhân tự xưng là giỏi để dạy nhưng thực tế thì không biết gì về vị trí rồi khi sai sót xảy ra thì đổ lỗi
* PM chỉ nên làm nhiệm vụ PM chứ đừng đóng vai trò technical lead, BA, PO, scrum master... Nhiều vai trò quá nên không làm vai trò này tốt
* Điều user muốn và chất lượng dự án nên được đặt lên hàng đầu chứ dự án ko phải là nơi để khoe tài năng: nói rất hay còn làm rất ghê
* làm dự án thì nên theo scrum nhiều nhất có thể và release liên tục ít nhất 1 quý 1 lần chứ đừng ngâm đến cả năm hơn rồi lại đổ thừa này nọ",,,,
SA-281,"Startup như Travala.com mặt bằng chung là quá được . Công ty toàn xài Tech ngon và mới nhất trên thị trường. Ae trong công ty thì toàn code ngon cứng nên học hỏi được rất nhiều.
Team trẻ khoẻ, ham làm mà cũng ham chơi. Theo chủ nghĩ chơi hết mình, làm hết sức. Team đa văn hoá, linh hoạt giờ giấc. Có mấy ace làm remote rồi ngồi ở múi giờ khác, quốc gia khác nhưng công việc vẫn đáp ứng tốt và kịp tiến độ.
Được cấp thiết bị case + Mac có đủ, nói chung cái gì cần cho công việc request hôm sáng chiều hoặc mai HR đã order có sẵn tại chỗ mà làm.
Phỏng vấn tuyển dụng rất kĩ từ Tech đến văn hoá, tính cách. Lương thì lúc vào offer cao hơn expect nên hơi bất ngờ :))
Ace làm việc cứ chiều là tụ lại làm đủ trò, ăn uống, tám tiết, mở nhạc sàn quẫy, đẩy nâng tạ giải stress. Team còn vài chú tính khá cộc nên đôi lúc có tranh luận nóng rồi cũng thôi. Bánh trái, cf mỳ tôm snacks các thứ thì lúc nào cũng có đủ ăn ngập mặt.
Đủ dịp để nhận quà cáp, thưởng dự án khi công ty có doanh thu bự.
Hiếm OT nhưng có thì tính tiền đủ và lương OT tốt. . Phòng còn nhỏ nên hơi ngạt, đôi khi nóng không biết có phải do bật điều hoà cao để khỏi covid hay không. Công ty nhân sự đang tăng dần, nên cần cải thiện vài thứ ở quy trình cho chặt chẽ tí cho dễ làm khỏi take time hỏi qua lại.",,,,
SA-282,"Môi trường làm việc tốt, nơi tôi có thể học hỏi và phát triển bản thân mình hơn . Môi trường làm việc năng động, phù hợp cho những bạn trẻ muốn cống hiến và phát triển bản thân, có chế độ phúc lợi tốt.
Lương thưởng đúng hạn và đầy đủ theo dự án.
Tôi thích làm việc tại đây, nơi có văn hóa và những người bạn tuyệt vời, OT thấy ổn . Công ty cần tổ chức những buổi dã ngoại cho anh em gặp gỡ và chia sẻ, xả stress",,,,
SA-283,"Môi trường và phúc lợi không thể tốt hơn được . - Văn phòng cưc kỳ đẹp
- Môi trường thoải mái năng động
- Giờ giấc làm việc flexible
- Lương, thưởng, phúc lợi rất tốt . - Áp lực cao
- Tôn trọng sự khác biệt cá nhân, vì thế đôi khi khó hoà đồng trong tập thể.",,,,
SA-284,"Không phù hợp với người trẻ . - Văn phòng đẹp, rộng rãi.
- Sếp và đồng nghiệp thân thiện.
- Môi trường đa quốc gia, sử dụng English là chủ yếu, làm dự án cho Pháp, Đức.
- Môi trường quá formal , không năng động.
- Công việc nhàn hạ -> không cạnh tranh.
- Giờ giấc khá thoải mái. . - Hầu như không có phúc lợi gì ngoài bảo hiểm.
- Nhân viên phải mặc quần tây , áo sơ mi, mang giày.
- Công ty lớn nhưng lại nhỏ nhặt: cà phê free nhưng không có sữa, máy tính cấp cho nhân viên cấu hình Pentium , I3 trong khi làm việc trên một phần mềm cực nặng.
- Lương thấp so với các công ty khác và tăng lương rất chậm , đánh giá không đúng nhân lực nhân viên khiến rất nhiều nhân viên giỏi bỏ việc.
......",,,,
SA-285,"Lương tương đối ổn, review theo cảm tính là chính . Không gian và môi trường làm việc mở. Cấp laptop xịn.
Lãnh đạo thay đổi liên tục, org chart thay đổi mỗi năm. Làm 3 năm mà đổi 3-4 head/ line manager. . Đừng cắt giảm benefit nữa: cắt xe bus, cắt ứng lương, ...
Khi layoff thì nên thông tin minh bạch rõ ràng, đừng úp mở trong khi bên ngoài đã đồn hết rồi.
Việc thưởng và review bị tính chung với bộ phận và team nên sẽ ảnh hưởng rất nhiều.
Việc đào tạc còn hạn chế và hầu như chỉ định hướng cho các level cao.",,,,
SA-286,"Lương thấp, sếp tốt quan tâm đến nhân viên, giờ làm việc linh hoạt thoải mái . giờ làm việc linh hoạt thoải mái, văn hóa Việt Nam thoải mái, nói chung là vì thoải mái quá làm hư nhân viên, môi trường tốt để học hỏi cho các bạn mới ra trường . Lương CỰC thấp, tăng chậm, có sự bất công giữa lương người đã làm một thời gian và fresher mới tốt nghiệp
không được tính tiền OT mặc dù phải OT rất nhiều, hoặc có tính thì thủ tục cũng lằng nhằng",,,,
SA-287,"Phúc lợi tốt . Chính sách phúc lợi tốt.
Môi trường làm việc năng động, thân thiện.
Có nhiều câu lạc bộ thể thao, giải trí,...
Có các buổi senminar về kỹ năng mềm . Mặc dù review 2 lần/năm nhưng lương tăng rất ít. Phụ thuộc vào mức deal ban đầu",,,,
SA-288,"Cũng tạm ổn . - Đồng nghiệp thân thiện.
- Hybird work, flexible time.
- Chế độ cũng tạm được.
Nếu được request OT sẽ được thanh toán lương OT đầy đủ. . - Lương ko hấp dẫn.
- Nhảy công nghệ liên tục, không thể focus được vào 1 tech cụ thể.
- OT nhiều.",,,,
SA-289,"Công ty lộn xộn . Nhiều đồng nghiệp dễ thương nhiệt tình hỗ trợ, nhiều project thú vị . Công ty thay đổi cấu trúc liên tục, đôi khi đổi lead một cách vô lý, đổi người làm task mà không đối thoại trước, phân chia task nhiều khi không rõ ràng. Nhìn chung không có con đường phát triển sự nghiệp rõ ràng cho nhân viên, sếp quản lý task chứ gần như ít quản lý con người hay quan tâm phát triển và đối thoại với nhân viên. HR yếu kém. Nhiều quy trình. Giám đốc dự án Merchant mới vào làm việc lộn xộn, vô lý và gây mất thời gian, bực mình.
Không phải phòng ban nào cũng được OT, hiện đã bị hạn chế",,,,
SA-290,"Môi trường làm việc tốt, mọi người thân thiện, dễ gần. . - Phân chia công việc rõ ràng, team lead sát sao và tận tâm chỉ bảo cho team member (Không clear là được trả lời cho tới khi clear, code có lởm hay như nào cũng được comment góp ý cải thiện => đôi khi có cả code example để thấy sự khác nhau giữa lởm và xịn xò :v)
- Mọi người cởi mở chia sẻ kiến thức (nào thì về coding, testing, database,... chung là bao hết :))), kỹ năng, kinh nghiệm trong công việc (cả kỹ năng mềm cứng nhé. Đặc biệt là có những kinh nghiệm hiếm khi có ai share :v (mục này xin phép bí mật :v)).
- Lương thưởng, chính sách phúc lợi ổn, quan tâm chăm sóc đáp ứng nhu cầu của nhân viên khá nhanh và đầy đủ.
=> Chung quy là một nơi đáng để làm việc và cống hiến.
Được trả đầy đủ $ khi OT theo quy định (Cơ mà hiếm khi được OT lắm =))). . - Giờ cao điểm ăn chưa thì lò vi sóng phải xếp hàng => ăn trưa hơi muộn => mong muốn có thêm lò vi sóng hoặc có phương án nào đó để khắc phục (nice to have).
- Thật tuyệt vời nếu sửa hết mấy cái tựa đầu của ghế ngồi. Nó rụng như sung đôi lúc hơi khó chịu.
- Cũng thật tốt nếu dev FE được sử dụng Macbook =)).",,,,
SA-291,"Công ty process chuyên nghiệp . - HR làm việc chuyên nghiệp, có công việc rõ ràng cho vị trí, dự án hấp dẫn,
- Các chính sách và benefit tương đối tốt,
- Thường xuyên được PM quan tâm, thăm hỏi
rất thích kiểu cty như thế này, thời gian làm việc thoải mái không bị bắt OT . - Dùng vân tay để check thì ok nhưng không hiểu record timesheet để làm gì dù được nói là thời gian làm việc linh hoạt
- Công việc nhiều, bên này mọi người làm việc nghiêm túc",,,,
SA-292,"Môi trường thích hợp cho các bạn mới ra trường . Bạn mới ra trường, và chỉ mới học về lập trình khoản một tháng (bất kể bạn học ngành gì)?
Đây là nơi bạn sẽ được đón chào. Cty luôn welcome fresher! . Nếu bạn là một software engineer thực sự, công việc ở đây sẽ không có thử thách gì.
Nhưng bù lại đội ngũ HR của công ty sẽ có những thử thách về độ nhẫn nhịn của bạn :)))
Luôn phải OT nhưng không có một sự chi trả tương xứng",,,,
SA-293,"Recommend to work here . Environment. Technology. Multiple server for practice and learn
The environment is so friendly. Multiple activity to join for energetic people (badminton, soccer, marathon) . I’ll review more later. Currently, I’m fine with current state",,,,
SA-294,"Lương tạm, đồng nghiệp tốt. . Đồng nghiệp tốt, việc làm thoải mái, giờ giấc thoải mái.
Có cơ hội đi onsite. . Văn phòng bị chia ra nhiều, không tập trung.
Domain nhiều nên bơi rất nhiều.
Lương theo mặt bằng thôi, không cao.",,,,
SA-295,"Lương thấp, task nhiều, OT nhiều . Khu vực văn phòng rộng rãi, có ban công ăn sáng mát mẻ. Tèn hén nhiều nhưng chă ai la rầy. . Làm nhiều dự án cùng lúc, áp lực cao
Lấy ảnh nhân viên public mà không xin phép
Chỉ có dev làm chung với thông dịch viên, ít cơ hội học hỏi, tự học là chính.
OT có khi không có tiền chỉ được cộng ngày phép gian lận",,,,
SA-296,"Môi trường tốt để học hỏi, thời gian làm việc linh hoạt . - Môi trường tốt để học hỏi, làm việc với những người giỏi.
- Áp dụng các công nghệ mới
- Thời gian làm việc linh hoạt.
- Giữ xe miễn phí.
- Có pantry nhưng hơi nhỏ.
Có tính giờ nếu làm dư, tuy nhiên không nhiều............. . - Sếp thường thiên vị
- Không có các hoạt động thể thao giải trí cho nhân viên
- Thời gian làm việc 8.5h/ngày.
- Nhiều thời điểm làm việc rất stress.",,,,
SA-297,"Công ty tạm ổn . Môi trường làm việc thoải mái, đồng nghiệp thân thiện . Lương thấp so với mặt bằng chung, tốn nhiều thời gian dành cho việc tạo testcase, execute test (đối với dự án Japan)
OT nhiều nhất là mảng medical, OT nhiều nhưng được tính OT ít",,,,
SA-298,"Càng ngày càng tệ . Trả lương NET, bảo hiểm đàng hoàng, bonus nếu có những bằng cấp liên quan rất tốt . Chế độ phúc lợi ngày càng giảm, lương thì tăng quá ít và chậm, OT thì hầu như không được trả tiền hoặc trả đầy đủ, thượng tầng thì phức tạp .
Phải trình lên và được khách hàng approve thì mới được tính tiền OT",,,,
SA-299,"Môi trường làm việc thoải mái năng động . Môi trường làm việc thân thiện và chuyên nghiệp. Mn trong squad hỗ trợ nhau trong công việc. Về công việc thì cường độ cũng vừa phải, ko quá nặng. Chế độ remote full-time, thoải mái giờ giấc, miễn là hoàn thành công việc nhé.
Từ khi vào làm đến giờ thì chưa từng phải OT, tại khối lượng công việc cũng vừa phải. . Task planning chưa được tốt, nên hay thay đổi requirements với technical focus á. Cơ mà có đổi thì cũng cho thời gian để làm quen với task mới nên cũng ok nè.",,,,
SA-300,"Môi trường làm việc tuyệt vời . Sự quan tâm đến nhân viên:
- Teammate, leader hỗ trợ nhiệt tình trong công việc
- Các thắc mắc được mọi người hỗ trợ giải đáp tận tình
Văn hóa công ty:
- Phong cách làm việc chủ động, chuyên nghiệp
- Làm hết mình, chơi hết mình
Trả OT đầy đủ, đúng quy định, môi trường làm việc thoải mái . Hiện tại chưa có điều gì cần góp ý vì mọi thứ vẫn đang rất hài lòng đối với mình",,,,
